Facility,Date,Actual Departures,Actual Arrivals,Departure Cancellations,Arrival Cancellations,Departure Diversions,Arrival Diversions,On-Time Arrivals,On-Time Gate Departures,On-Time Gate Arrivals,Average Gate Departure Delay,Average Gate Arrival Delay,Average Block Delay,Average Taxi Out Time,Average Taxi In Time,Delayed Arrivals,Average Delay Per Delayed Arrival
ATL,01/2011,29238,29203,2665,2792,70,18,23812,81.9,81.54,11,11.29,3.83,20.17,10.8,5391,54.17
ATL,02/2011,28197,28085,739,881,76,68,23106,82.6,82.27,10.33,11.31,4.13,19.63,10.79,4979,56.94
ATL,03/2011,33461,33395,305,408,65,52,25758,77.16,77.13,12.97,13.8,4.65,20.25,10.93,7637,54.12
ATL,04/2011,31892,31828,536,623,91,98,25134,77.49,78.97,14.04,13.42,4.36,21.1,10.32,6694,57.69
ATL,05/2011,33601,33612,353,411,81,54,27774,80.76,82.63,12.56,12.29,3.23,21.13,11.06,5838,63.96
ATL,06/2011,33385,33194,644,728,110,212,25002,72.67,75.32,19.01,18.11,5.11,22.26,11.38,8192,68.35
ATL,07/2011,34495,34414,463,546,88,92,26368,74.78,76.62,17.21,16.96,4.2,21.99,11.07,8046,66.97
ATL,08/2011,34187,34033,515,616,88,132,28328,81.41,83.24,11.46,11.43,3.41,21.24,11.18,5705,61.35
ATL,09/2011,31534,31549,109,156,80,24,27136,86.97,86.01,7.71,9.21,3.48,19.82,10.81,4413,57.16
ATL,10/2011,33173,33182,72,105,52,11,29120,87.8,87.76,6.85,7.57,3.22,20.1,11.22,4062,52.12
ATL,11/2011,31222,31207,60,87,41,28,27250,87.2,87.32,7.12,7.59,2.95,20.04,10.9,3957,50.83
ATL,12/2011,31021,31053,94,131,61,23,26770,86.55,86.21,8.12,9.49,3.19,19,10.43,4283,61.07
ATL,01/2012,31119,31031,203,242,68,78,26393,86.77,85.05,7.84,10.06,4.13,19.61,10.18,4638,59.94
ATL,02/2012,29645,29613,103,126,52,18,26104,88.09,88.15,6.77,7.75,2.93,18.32,10.17,3509,56.42
ATL,03/2012,33509,33458,112,185,70,26,28127,82.76,84.07,9.88,10.14,3.28,19.26,10.17,5331,55.77
ATL,04/2012,32516,32536,64,95,48,22,29412,89.77,90.4,5.62,6.29,2.29,18.58,9.69,3124,55.28
ATL,05/2012,33718,33702,89,116,78,64,28962,84.41,85.94,8.88,8.92,3.1,20.05,10.54,4740,55.69
ATL,06/2012,33994,33916,152,197,87,114,28923,82.89,85.28,10.33,9.96,3.24,18.9,10.58,4993,59.77
ATL,07/2012,34483,34357,315,386,103,172,26892,75.34,78.27,16.71,15.95,4.78,21.37,10.05,7465,68.14
ATL,08/2012,34225,34183,407,463,74,78,27993,80.17,81.89,12.3,12.94,3.84,19.61,10.15,6190,64.67
ATL,09/2012,31434,31461,87,117,56,15,27681,87.87,87.99,6.97,8.1,2.55,18.59,9.5,3780,59.07
ATL,10/2012,32592,32588,456,485,56,29,27736,84.5,85.11,8.31,9.05,2.99,18.23,9.59,4852,53.11
ATL,11/2012,30940,30925,78,119,40,17,28002,89.43,90.55,5.82,6.33,2.18,17.73,9.31,2923,55.75
ATL,12/2012,30783,30746,193,251,66,22,25921,82.48,84.31,9.72,10.17,2.98,17.89,9.01,4825,57.65
ATL,01/2013,31984,31954,301,370,77,31,27482,86.42,86,8.28,9.64,3.63,18.46,8.98,4472,60.68
ATL,02/2013,29088,29074,309,354,56,19,24729,84.73,85.06,8.39,9.31,3.38,18.16,8.68,4345,54.34
ATL,03/2013,34244,34152,385,439,62,91,28673,81.25,83.96,11.7,11.08,3.83,18.08,8.54,5479,61.63
ATL,04/2013,33383,33406,190,228,61,20,28022,81.68,83.88,10.22,10.55,3.33,17.66,9.02,5384,58.54
ATL,05/2013,34171,34233,145,161,93,18,28753,81.98,83.99,10.33,10.56,3.24,18.3,8.8,5480,58.56
ATL,06/2013,33877,33788,459,537,109,111,24314,68.6,71.96,21.29,21.07,5.17,20.97,9.32,9474,70.34
ATL,07/2013,34992,34801,464,515,99,225,23974,66.72,68.89,23.18,23.22,6.68,20.1,9.7,10827,70.01
ATL,08/2013,34855,34874,164,213,80,52,27889,78.11,79.97,12.14,12.49,4.18,18.72,9.12,6985,55.33
ATL,09/2013,31935,31921,67,98,57,27,27981,86.72,87.66,7.21,7.88,3.04,17.3,9.23,3940,53.83
ATL,10/2013,33712,33701,55,79,49,30,30033,86.95,89.12,6.83,6.95,2.65,17.76,9.07,3668,53.13
ATL,11/2013,31357,31350,69,102,42,14,26636,83.23,84.96,8.63,9.29,3.4,17.14,9.17,4714,53.47
ATL,12/2013,31494,31523,308,354,85,17,23999,73.79,76.13,14.2,14.76,4.6,17.52,9.25,7524,55.22
Sub-Total for ATL,,1169456,1168048,11730,13716,2571,2122,970189,81.86,83.06,10.94,11.33,3.66,19.33,9.96,197859,59.79
BOS,01/2011,8044,8085,923,904,25,11,6120,79.04,75.7,13.76,14.65,3.99,22.7,7.12,1965,55.43
BOS,02/2011,7666,7694,645,654,43,7,6183,82.77,80.36,11.17,12.33,3.04,22.38,6.69,1511,56.85
BOS,03/2011,9330,9332,156,153,15,16,7193,82.4,77.08,11.76,14.73,3.67,19.58,6.61,2139,59.42
BOS,04/2011,9116,9134,201,207,36,10,6566,77.95,71.89,15.15,18.27,4.37,19.73,7.04,2568,60.88
BOS,05/2011,9311,9331,206,198,22,13,5940,76.31,63.66,15.62,23.98,7.62,18.73,7.32,3391,62.14
BOS,06/2011,9313,9311,218,226,20,15,6662,78.77,71.55,15.33,18.89,5.6,19.69,7.64,2649,61.76
BOS,07/2011,9654,9680,212,208,31,8,7344,80.88,75.87,13.12,16.16,4.54,19.07,7.43,2336,61.87
BOS,08/2011,9170,9194,694,698,43,17,6541,76.29,71.14,18.36,21.75,5.57,18.87,7.54,2653,71.14
BOS,09/2011,8706,8702,132,135,18,8,6623,83.97,76.11,10.45,14.52,5.35,18.08,7.24,2079,55.56
BOS,10/2011,8990,9000,91,99,22,1,7173,85.44,79.7,9.37,12.22,3.96,19.21,6.85,1827,54.8
BOS,11/2011,8387,8412,80,79,33,5,7261,88.23,86.32,7.16,8.11,2.32,18.17,6.91,1151,51.68
BOS,12/2011,8067,8072,63,72,12,2,7183,89.25,88.99,6.7,6.59,1.7,17.83,6.42,889,52.05
BOS,01/2012,8095,8109,108,107,22,12,6855,88.25,84.54,7.27,8.51,2.82,19,6.59,1254,48.64
BOS,02/2012,7951,7949,59,62,11,5,7092,91.49,89.22,5.33,6.06,1.62,18.52,6.41,857,49.37
BOS,03/2012,8768,8793,76,72,20,4,7187,84.91,81.74,9.25,10.19,3.12,18.15,6.44,1606,48.76
BOS,04/2012,8737,8753,43,39,10,1,7611,89.15,86.95,6.52,7.58,2.01,17.79,6.28,1142,50.73
BOS,05/2012,8907,8929,55,54,30,4,7243,85.69,81.12,8.94,11.34,3.07,17.88,7.14,1686,54.5
BOS,06/2012,8617,8621,122,118,16,12,6651,80.25,77.15,13.81,14.66,3.66,18.17,7.14,1970,59.31
BOS,07/2012,8844,8861,83,89,24,10,6740,81.28,76.06,14.1,17.41,3.69,18.37,7.37,2121,68.14
BOS,08/2012,9025,9036,91,98,23,6,7113,81.6,78.72,13.88,14.22,2.99,18.19,7.08,1923,62.28
BOS,09/2012,8218,8218,64,69,12,6,6728,86.46,81.87,9.11,11.45,3.34,17.57,7.08,1490,58.04
BOS,10/2012,8178,8178,615,624,11,7,6820,86.04,83.39,8.7,9.62,2.44,17.84,6.92,1358,51.4
BOS,11/2012,8249,8253,88,90,15,2,7013,87.07,84.98,8.22,9.1,2.96,17.76,6.67,1240,52.47
BOS,12/2012,7916,7913,94,101,21,10,6443,81.96,81.42,12.27,12,2.1,18.98,6.66,1470,59.39
BOS,01/2013,8067,8074,83,81,15,13,6940,87.42,85.95,7.52,8.3,1.93,19.62,6.16,1134,52.99
BOS,02/2013,7230,7215,470,479,12,20,5802,82.68,80.42,10.96,11.42,3.2,20.77,7.1,1413,52.92
BOS,03/2013,8941,8965,234,218,14,12,6876,79.38,76.7,14.77,15.38,4.15,20.93,6.73,2089,60.9
BOS,04/2013,9209,9220,89,92,19,6,7411,82.31,80.38,11.99,12.58,2.67,19,6.85,1809,59.17
BOS,05/2013,9501,9513,60,58,22,9,7504,83.26,78.88,10.9,12.78,3.92,18.97,6.89,2009,54.97
BOS,06/2013,9595,9615,121,118,29,17,6867,75.38,71.42,17.72,20.01,4.32,19.48,7.07,2748,66.33
BOS,07/2013,10106,10121,149,150,33,20,7076,73.65,69.91,18.08,19.61,4.59,19.43,7.46,3045,61.09
BOS,08/2013,10320,10328,53,55,23,9,8050,80.36,77.94,12.73,13.26,3.21,19.11,7.1,2278,54.97
BOS,09/2013,9172,9208,78,73,43,9,7774,87.64,84.43,8.74,9.79,3.43,18.46,6.97,1434,55.13
BOS,10/2013,9668,9665,29,31,6,6,8517,89.12,88.12,6.5,6.57,2.18,18.53,6.8,1148,47.07
BOS,11/2013,9005,9011,58,55,17,9,7967,89.46,88.41,6.02,6.41,1.82,18.17,6.27,1044,47.4
BOS,12/2013,8644,8649,216,223,42,18,6400,77.58,74,15.13,16.09,3.74,21.09,6.9,2249,57.51
Sub-Total for BOS,,316717,317144,6759,6789,810,340,251469,83.01,79.29,11.41,13.12,3.51,19.03,6.92,65675,58.06
CLT,01/2011,10232,10210,727,741,9,22,8438,85,82.64,8.81,10.1,4.43,18.94,8.81,1772,50.01
CLT,02/2011,9766,9723,204,245,15,15,8101,84.71,83.32,9.09,9.5,4.74,18.45,8.63,1622,48.51
CLT,03/2011,11060,11036,74,101,15,14,9131,83.9,82.74,9.22,9.16,4.65,18.95,8.68,1905,44.34
CLT,04/2011,10419,10379,125,149,28,44,8090,79.52,77.95,13.32,12.3,6.09,19.85,9.13,2289,48.4
CLT,05/2011,10838,10829,139,171,42,24,8207,77.27,75.79,14.68,13.78,5.67,20.31,9.58,2622,49.88
CLT,06/2011,10640,10588,224,243,29,62,7817,72.86,73.83,18.58,16.03,6.84,20.57,10.16,2771,55.43
CLT,07/2011,10902,10857,203,221,24,49,8202,74.67,75.55,17.46,15.38,6.05,20.08,9.97,2655,56.6
CLT,08/2011,10600,10590,309,327,32,26,8149,77.27,76.95,14.77,14.06,5.29,21.08,9.08,2441,54.67
CLT,09/2011,10129,10087,83,111,13,23,8083,82.01,80.13,10.42,10.36,5.3,22.05,8.32,2004,44.96
CLT,10/2011,10748,10746,48,59,10,4,9291,88.47,86.46,6.62,6.65,3.47,20.87,7.69,1455,39.56
CLT,11/2011,10181,10165,50,69,13,4,9059,89.42,89.12,5.98,5.63,2.59,18.86,8.36,1106,40.94
CLT,12/2011,10733,10710,44,68,12,3,9563,89.39,89.29,6.19,5.99,2.63,17.92,8.53,1147,46.34
CLT,01/2012,10967,10944,78,107,10,9,9631,88.16,88,6.75,6.56,3.18,17.84,8.34,1313,45.61
CLT,02/2012,10633,10633,26,37,14,6,9572,90.43,90.02,5.6,5.76,2.6,18.27,8.22,1061,47.84
CLT,03/2012,11786,11749,52,81,11,23,10239,87.83,87.15,7.61,7.45,3.55,18.27,8.68,1510,49.26
CLT,04/2012,11469,11461,49,67,15,4,10394,90.67,90.69,5.45,5.18,2.54,18.25,8.55,1067,45.06
CLT,05/2012,11999,11981,64,86,25,26,10307,86.28,86.03,8.4,7.99,3.8,19.05,8.63,1674,49.21
CLT,06/2012,11402,11389,81,118,22,4,10017,87.66,87.95,7.81,7.48,2.69,18.08,8.56,1372,53.37
CLT,07/2012,11155,11123,100,107,24,43,8991,80.42,80.83,12.96,11.99,4.96,19.55,9.1,2132,56.34
CLT,08/2012,11251,11236,109,129,23,18,9447,84.49,84.08,10.25,9.45,3.83,19,8.86,1789,52.02
CLT,09/2012,10755,10750,53,61,16,11,9405,87.19,87.49,7.53,7.09,3.43,19.52,8.65,1345,48.4
CLT,10/2012,11216,11177,311,332,9,21,9832,88.95,87.97,6.49,6.56,3.07,18.33,8.26,1345,45.09
CLT,11/2012,11006,10982,86,112,12,2,9878,90.29,89.95,5.99,5.7,2.64,18.81,8.23,1104,44.06
CLT,12/2012,11015,10998,88,105,13,7,9462,87.19,86.03,7.67,7.71,3.38,18.31,8.42,1536,45.97
CLT,01/2013,11305,11269,119,160,9,8,9472,86.22,84.05,8.5,9.41,4.17,19.27,8.39,1797,50.5
CLT,02/2013,10383,10377,181,196,17,7,8526,85.77,82.16,8.93,10.21,4.58,19.52,8.82,1851,49.67
CLT,03/2013,11893,11878,134,155,9,7,10141,85.46,85.38,8.99,8.46,3.67,18.95,8.46,1737,48.8
CLT,04/2013,11898,11891,113,139,26,12,9847,83.52,82.81,11.11,10.34,4.19,18.85,8.61,2044,52.58
CLT,05/2013,12586,12588,91,118,31,5,10585,84.05,84.09,10.07,9.43,3.47,18.87,8.88,2003,50.78
CLT,06/2013,12221,12209,217,224,46,53,9101,73.59,74.54,19.18,17.52,6.14,20.21,9.6,3108,63.34
CLT,07/2013,13128,13109,213,239,29,22,9560,73.45,72.93,17.03,16.33,6.32,20.12,9.64,3549,54.5
CLT,08/2013,13068,13061,100,122,32,12,10583,82.44,81.03,10.42,10.4,4.33,19.95,9.27,2478,46.58
CLT,09/2013,12131,12119,90,116,13,6,10631,88.31,87.72,7.05,6.96,3.32,19.6,8.97,1488,46.23
CLT,10/2013,13195,13173,115,136,11,8,11387,87.41,86.44,7.87,7.41,3.43,19.56,8.86,1786,44.94
CLT,11/2013,12332,12321,144,158,14,12,10366,84.11,84.13,9.66,9.07,3.68,20.18,9.09,1955,48.69
CLT,12/2013,12644,12625,184,205,23,7,9759,79.25,77.3,12.09,12.68,4.84,19.16,9.07,2866,48.91
Sub-Total for CLT,,407686,406963,5028,5815,696,623,339264,84.05,83.36,10,9.65,4.15,19.32,8.82,67699,50.08
DEN,01/2011,18953,18979,296,296,39,8,15434,75.98,81.32,12.82,10.89,3.2,16.01,8.45,3545,51.15
DEN,02/2011,17347,17268,436,480,29,7,13581,76.7,78.65,12.94,12.15,3.85,15.56,8.29,3687,50.31
DEN,03/2011,20272,20313,206,227,37,22,17084,80.85,84.1,10.44,9,2.52,14.02,8.02,3229,48.82
DEN,04/2011,18949,18989,215,237,49,21,15673,80,82.54,11.03,10.12,2.98,13.72,7.84,3316,50.61
DEN,05/2011,19899,19846,242,264,66,78,16235,76.87,81.8,14.83,11.4,3.28,14.45,8.16,3611,55.93
DEN,06/2011,21213,21142,210,217,56,106,17352,77.88,82.07,13.82,11.67,3.11,14.3,8.01,3790,58.82
DEN,07/2011,21823,21702,580,560,54,185,17181,74.15,79.17,17.05,13.69,4.48,14.89,8.64,4521,60.5
DEN,08/2011,22228,22192,235,248,62,84,18858,81.31,84.98,10.8,8.87,2.86,14.43,8.39,3334,51.52
DEN,09/2011,19650,19652,82,118,57,49,17385,85.57,88.46,8.39,6.96,2.62,13.47,7.81,2267,50.4
DEN,10/2011,19634,19649,114,130,32,34,17424,85.91,88.68,7.89,6.75,2.31,13.31,7.7,2225,50.25
DEN,11/2011,18399,18396,87,106,28,13,16315,86.89,88.69,6.99,6.29,1.99,13.1,7.97,2081,46.17
DEN,12/2011,19544,19517,218,221,30,41,15776,77.27,80.83,13.09,11.21,3.44,16.93,8.8,3741,51.49
DEN,01/2012,18813,18797,154,178,42,11,16227,83.28,86.33,9.37,8.28,2.31,14.4,8.22,2570,52.44
DEN,02/2012,17749,17723,420,433,30,21,14931,81.27,84.25,10.43,9.7,2.74,15.15,8.2,2792,53.37
DEN,03/2012,20210,20230,103,111,29,6,17568,81.87,86.84,10.11,7.88,1.65,13.23,8.01,2662,51.67
DEN,04/2012,19009,18997,116,135,31,26,16618,84.89,87.48,8.54,7.31,2.16,13.52,7.6,2379,49.81
DEN,05/2012,19495,19458,72,112,40,37,16940,83.16,87.06,9.33,7.44,2.1,13.27,7.74,2518,49.18
DEN,06/2012,20622,20562,170,187,70,113,16719,75.22,81.31,14.9,11.44,3.45,14.49,8.14,3843,54.31
DEN,07/2012,21895,21923,211,220,64,25,17257,71.73,78.72,16.93,13.38,2.6,13.97,8.34,4666,56.87
DEN,08/2012,21596,21596,106,144,63,23,18082,78.25,83.73,12.36,10.24,2.08,14.03,8.35,3514,55.26
DEN,09/2012,18707,18703,70,77,34,15,16414,83.61,87.76,9.38,7.24,2.31,13.87,8.33,2289,49.23
DEN,10/2012,19041,19036,247,254,28,15,16132,79.84,84.74,10.63,8.31,2.62,14.41,8.1,2904,45.02
DEN,11/2012,17726,17730,114,115,20,6,15630,83.41,88.16,9,6.94,1.77,13.43,8.13,2100,49.59
DEN,12/2012,18353,18323,217,262,44,16,13576,68.62,74.09,17.7,14.9,3.91,14.34,8.71,4747,51.51
DEN,01/2013,17662,17609,153,180,35,20,14007,74.87,79.54,12.85,11.72,4.32,14.88,8.74,3602,49.51
DEN,02/2013,16139,16095,479,486,28,35,12899,76.89,80.14,13.15,12.45,3.53,15.83,8.39,3196,55.55
DEN,03/2013,18977,18987,502,510,38,23,15039,74.73,79.21,15.46,13.91,3.39,15.41,8.61,3948,60.12
DEN,04/2013,18012,17979,418,423,35,49,13649,73.37,75.92,16.89,16.28,4.48,17.11,8.2,4330,61.77
DEN,05/2013,18902,18866,112,123,43,71,15230,76.42,80.73,13.53,11.94,3.36,14.7,8.19,3636,55.66
DEN,06/2013,19353,19264,157,178,62,94,14614,70.41,75.86,19.12,15.89,4.29,15.15,9.06,4650,59.86
DEN,07/2013,20050,19968,151,188,48,98,15136,70.33,75.8,18.38,15.73,4.6,15.28,9.52,4832,59.11
DEN,08/2013,19873,19826,108,112,42,89,15520,73.09,78.28,15.9,13.06,4.07,15.4,9.25,4306,53.52
DEN,09/2013,18758,18613,62,71,29,139,14946,75.98,80.3,14.28,12.23,4.74,14.68,8.81,3667,55.28
DEN,10/2013,19308,19249,78,105,22,51,15790,77.61,82.03,11.8,9.95,3.54,14.03,8.03,3459,47.03
DEN,11/2013,17795,17804,128,148,32,10,14956,79.93,84,11.13,9.56,2.45,14.35,8.06,2848,51.58
DEN,12/2013,18613,18606,346,374,47,48,12183,58.21,65.48,24.69,20.89,5.29,16.32,9.23,6423,55.64
Sub-Total for DEN,,694569,693589,7615,8230,1495,1689,568361,77.67,81.94,12.97,10.98,3.17,14.58,8.33,125228,53.73
DFW,01/2011,21313,21294,569,603,39,20,18403,83.16,86.42,8.73,8.07,2.67,14.66,8.32,2891,51.48
DFW,02/2011,18287,18280,1643,1650,45,41,14343,73.72,78.46,14.98,14.02,4.6,16.28,9.25,3937,59.39
DFW,03/2011,22159,22181,186,205,59,16,19412,82.91,87.52,9.25,7.78,2.29,13.95,8.55,2769,54.13
DFW,04/2011,20885,20712,619,650,80,222,16365,75.74,79.01,15.55,14.39,6.15,15.21,8.65,4347,63.59
DFW,05/2011,20692,20373,1495,1512,69,380,16064,73.39,78.85,19.5,16.62,9.14,15.18,9.27,4309,74.03
DFW,06/2011,21819,21834,320,351,84,35,18790,79.69,86.06,11.21,9.31,2.32,14.07,8.47,3044,59.82
DFW,07/2011,22422,22455,357,390,91,24,19371,80.12,86.27,11.17,8.89,1.87,14.3,9.57,3084,57.26
DFW,08/2011,22305,22332,446,477,86,33,19267,80.11,86.28,11.12,9.22,2,14.4,9.36,3065,60.15
DFW,09/2011,21134,21036,139,166,72,148,18741,85.45,89.09,9.19,7.6,3.36,14.68,8.8,2295,62.15
DFW,10/2011,21638,21572,126,137,35,92,19201,85.87,89.01,7.87,7.74,3.04,14.16,8.83,2371,61.92
DFW,11/2011,20212,20158,69,95,34,47,17690,85.97,87.76,7.32,7.64,3.21,14.5,8.61,2468,52.85
DFW,12/2011,20501,20498,145,167,70,64,17100,80.84,83.42,10.16,10.12,3.81,14.86,8.89,3398,53.43
DFW,01/2012,20760,20714,356,387,58,57,18206,84.83,87.89,8.25,7.8,2.91,14.48,8.78,2508,56.55
DFW,02/2012,20692,20675,230,258,41,29,18080,87.04,87.45,6.98,7.98,3.45,14.27,8.45,2595,53.98
DFW,03/2012,22492,22432,449,481,49,85,19078,81.55,85.05,11.04,11.35,3.85,14.15,8.81,3354,69.65
DFW,04/2012,21401,21220,1185,1228,54,189,18513,83.67,87.24,11.28,10.18,3.77,14.22,8.85,2707,73.2
DFW,05/2012,23218,23110,225,256,65,142,19993,82.35,86.51,11.48,10.34,3.32,15.07,8.94,3117,70.18
DFW,06/2012,22595,22477,377,389,54,148,19233,80.15,85.57,12.05,10.89,3.79,14.13,9.52,3244,68.76
DFW,07/2012,23172,23030,359,390,78,192,18667,75.55,81.06,15.24,13.43,4.57,14.6,9.35,4363,65.47
DFW,08/2012,23440,23374,384,403,65,123,19251,77.79,82.36,13.09,11.76,3.73,15.43,9.09,4123,60.09
DFW,09/2012,21801,21832,446,471,68,16,16864,72.98,77.24,16.41,15.02,3.48,15.46,10.46,4968,61
DFW,10/2012,22977,22956,288,307,37,34,18991,79.91,82.73,10.27,10.38,3.19,14.99,9.26,3965,52.37
DFW,11/2012,22041,22039,90,109,40,18,19349,82.7,87.79,8.91,7.95,2.23,14.28,8.92,2690,56.97
DFW,12/2012,22234,22174,591,612,54,92,17866,75.11,80.57,14.77,13.59,4.66,15.17,10.04,4308,63.55
DFW,01/2013,22895,22850,512,547,68,80,18436,77.49,80.68,12.24,12.23,4.57,14.84,9.02,4414,56.99
DFW,02/2013,21216,21201,392,409,51,40,17144,77.79,80.86,11.82,12.22,4.23,14.3,9.33,4057,57.28
DFW,03/2013,24273,24220,192,230,45,59,20536,81.32,84.79,10.59,10.43,3.45,14.32,9.56,3684,61.61
DFW,04/2013,23366,23367,595,601,51,48,17718,72.37,75.82,17.53,17.86,5.04,14.73,10.11,5649,68.23
DFW,05/2013,24082,23888,561,587,70,239,18850,73.39,78.91,16.78,15.53,6.32,15.57,10.44,5038,67.76
DFW,06/2013,23668,23642,413,428,91,91,17356,66.08,73.41,21.41,20.07,4.1,14.7,10.54,6286,70.92
DFW,07/2013,24451,24365,471,492,95,160,18430,67.24,75.64,19.82,16.74,4.6,14.6,10.38,5935,63.47
DFW,08/2013,24513,24419,331,362,56,145,20323,77.15,83.23,13.36,11.14,3.82,14.6,10.17,4096,59.7
DFW,09/2013,22975,22870,191,223,54,118,20159,82.68,88.15,10.4,8.47,2.85,15.12,9.99,2711,64.58
DFW,10/2013,24032,23974,166,193,40,71,20208,80.8,84.29,10.23,9.82,3.85,15.65,9.9,3766,53.88
DFW,11/2013,22046,21962,683,710,30,76,18815,81.23,85.67,10.53,9.61,3.66,14.5,9.27,3147,58.65
DFW,12/2013,21053,21035,2643,2685,56,43,15936,68.97,75.76,18.64,17.03,4.45,16.11,10.44,5099,64.99
Sub-Total for DFW,,798760,796551,18244,19161,2134,3417,662749,78.73,83.2,12.53,11.52,3.84,14.76,9.36,133802,62.01
DTW,01/2011,6843,6788,251,280,9,7,5361,78.28,78.98,12.85,12.65,3.43,24.91,9.35,1427,53.63
DTW,02/2011,5996,5953,356,376,14,9,4779,79.9,80.28,13.44,12.22,3.23,23.46,9.6,1174,55.78
DTW,03/2011,7225,7176,99,118,10,11,5932,82.21,82.66,11.44,10.81,2.91,18.79,8.77,1244,55.06
DTW,04/2011,6889,6850,94,105,14,14,5449,79.5,79.55,12.59,11.97,3.34,18.75,8.52,1401,51.99
DTW,05/2011,7266,7215,137,146,18,28,5819,81.89,80.65,13.23,12.57,3.88,18.22,8.34,1396,58.92
DTW,06/2011,7703,7681,134,152,25,16,6112,79.83,79.57,13.72,13.38,3.08,18.13,8.09,1569,59.93
DTW,07/2011,8581,8553,110,128,17,31,6812,78.9,79.64,15.13,13.33,3.4,17.38,8.66,1741,60.26
DTW,08/2011,8205,8202,180,192,22,33,6831,82.99,83.28,12.32,11.07,3.23,18.12,9.02,1371,59.95
DTW,09/2011,7278,7302,37,45,18,6,6211,86.27,85.06,8.03,8.34,3.24,17.3,8.76,1091,47.44
DTW,10/2011,7478,7495,33,32,14,3,6729,89.19,89.78,6.4,6.23,2.12,16.72,8.49,766,50.66
DTW,11/2011,7218,7221,26,33,9,3,6389,87.17,88.48,8.15,7.28,2.37,17.05,8.94,832,53.77
DTW,12/2011,7423,7416,28,36,8,9,6587,87.57,88.82,7.87,6.84,2.09,19.58,8.69,829,52.4
DTW,01/2012,6826,6810,72,79,10,12,5845,85.95,85.83,8.96,8.64,2.89,20.68,8.77,965,53.75
DTW,02/2012,6295,6286,34,40,6,7,5605,88.67,89.17,7.68,6.89,2.21,19.45,8.26,681,55.33
DTW,03/2012,7458,7447,43,40,6,28,6332,84.14,85.03,11.13,9.5,3.99,17.56,8.66,1115,55.37
DTW,04/2012,7501,7483,30,30,9,10,6673,88.87,89.18,6.71,6.26,2.57,17.46,8.41,810,48.11
DTW,05/2012,7380,7384,53,61,18,6,6363,85.75,86.17,9.38,8.76,2.33,19.29,8.76,1021,56.05
DTW,06/2012,8044,8057,51,53,30,12,6771,83.81,84.04,11.03,10.14,2.58,19.11,8.89,1286,56.53
DTW,07/2012,7839,7820,97,103,27,29,6076,77.94,77.7,16.56,15.91,4.55,18.66,8.82,1744,66.14
DTW,08/2012,8040,8041,80,83,11,8,6787,83.25,84.4,11.8,10.91,2.19,17.87,8.45,1254,63.13
DTW,09/2012,7882,7882,31,37,17,13,7061,88.81,89.58,7.14,6.78,1.95,17.59,7.36,821,57.82
DTW,10/2012,8317,8322,195,199,13,4,7285,86.34,87.54,9.08,7.66,2.1,17.86,8.17,1037,52.89
DTW,11/2012,8019,8004,45,58,9,16,7089,86.97,88.57,8.25,7.45,2.33,18.13,8.16,915,55.31
DTW,12/2012,7437,7431,107,109,12,6,6232,82.91,83.86,11.67,10.64,2.44,20.15,8.52,1199,59.24
DTW,01/2013,12534,12552,236,261,46,6,10654,84.4,84.88,10.89,10.2,2.95,21.7,9.04,1898,60.89
DTW,02/2013,11317,11292,257,284,18,11,9393,82.95,83.18,11.21,10.93,3.3,24.6,9.17,1899,58.65
DTW,03/2013,13778,13772,195,221,35,3,11667,84.03,84.72,10.33,9.82,2.62,19.49,8.34,2105,57.27
DTW,04/2013,13679,13655,261,285,24,21,11477,82.81,84.05,12.24,11.71,2.99,21.53,8.71,2178,67.44
DTW,05/2013,14100,14065,129,159,33,39,11989,84.26,85.24,9.94,9.66,2.94,21.5,8.74,2076,58.87
DTW,06/2013,14343,14295,295,312,42,71,11154,77.77,78.03,16.92,16.43,3.88,22.32,9.24,3141,70.11
DTW,07/2013,14844,14767,363,416,39,62,11447,75.94,77.52,17.12,16.7,4.19,20.62,9.16,3320,69.28
DTW,08/2013,15103,15099,123,157,35,17,12902,84.13,85.45,9.69,9.19,2.42,19.37,7.61,2197,56.27
DTW,09/2013,13136,13075,88,101,18,18,11833,89.8,90.5,6.8,6.61,2.07,19.35,7.65,1242,60.79
DTW,10/2013,13867,13829,56,70,22,9,12574,90.07,90.92,5.84,5.66,1.82,17.71,7.77,1255,52.9
DTW,11/2013,12497,12488,83,110,25,12,11172,88.33,89.46,7.19,6.88,1.93,18.35,7.58,1316,57.91
DTW,12/2013,11708,11719,193,204,28,4,9182,78.67,78.35,13.52,14.82,3.26,22.52,8.18,2537,63.09
Sub-Total for DTW,,340049,339427,4602,5115,711,594,286574,83.81,84.43,10.82,10.28,2.86,19.67,8.51,52853,59.27
EWR,01/2011,7829,7806,867,882,13,15,5949,78.21,76.21,14.93,16.85,4.28,22.06,10.01,1857,66.39
EWR,02/2011,7456,7476,740,730,20,12,5711,79.91,76.39,13.06,16.34,3.41,20.31,9.2,1765,65.06
EWR,03/2011,9215,9193,172,176,23,37,6770,78.47,73.64,14.19,17.85,4.75,21.47,8.97,2423,63.93
EWR,04/2011,9033,9003,352,364,39,62,5255,69.88,58.37,22.44,31.12,7.37,22.14,9.03,3748,71.93
EWR,05/2011,8949,8941,219,222,34,42,5695,74.96,63.7,17.23,23.98,7.36,20.9,8.73,3246,62
EWR,06/2011,9393,9383,276,274,37,54,6182,73.18,65.89,19.41,24.5,6.9,22.75,9.14,3201,67.85
EWR,07/2011,9777,9725,273,272,31,84,6618,72.79,68.05,19.36,22.16,7.72,23.79,9.77,3107,64.8
EWR,08/2011,9040,8998,1026,1014,21,70,6040,71.6,67.13,21.85,25.69,7.56,22.92,9.55,2958,74.19
EWR,09/2011,8691,8678,185,184,25,39,5897,78.61,67.95,14.85,20.49,7.41,21.66,9.12,2781,59.83
EWR,10/2011,9154,9113,246,243,12,55,6717,79.76,73.71,13.33,17.31,4.8,20.89,9.15,2396,61.38
EWR,11/2011,9233,9228,53,61,18,14,7044,80.69,76.33,11.48,13.47,3.85,20.43,8.97,2184,52.41
EWR,12/2011,9305,9302,93,103,13,7,6752,75.83,72.59,15.85,19.53,3.46,19.73,9.01,2550,67.35
EWR,01/2012,8964,8980,165,165,17,9,6771,79.38,75.4,13.03,15.8,3.93,18.84,8.98,2209,60.03
EWR,02/2012,8713,8702,108,107,10,19,7088,81.75,81.45,11.56,11.81,2.57,19.81,8.89,1614,59.02
EWR,03/2012,9678,9686,106,120,30,16,6537,71.59,67.49,18.15,19.53,4.73,20.98,8.7,3149,55.79
EWR,04/2012,9770,9896,107,116,25,4,7260,75.68,73.36,15.44,17.34,3.63,21.83,9.27,2636,60.61
EWR,05/2012,9661,9691,171,175,37,51,6256,71.32,64.55,19.85,25.02,5.69,23.69,9.23,3435,66.85
EWR,06/2012,9612,9718,174,172,29,23,6792,69.79,69.89,20.22,21.18,3.9,22.79,9.39,2926,66.35
EWR,07/2012,9412,9533,374,379,39,67,6144,64.65,64.45,28.11,30.18,5.56,24.92,9.69,3389,81.79
EWR,08/2012,10369,10476,356,360,24,37,7406,68.17,70.69,24.13,21.76,4.31,22.72,9.86,3070,70.54
EWR,09/2012,9756,9783,227,237,19,50,7257,77.5,74.18,16.26,18.72,4.82,22.17,8.72,2526,68.74
EWR,10/2012,9669,9658,1260,1300,18,17,7062,74.61,73.12,15.26,17.01,3.27,20.3,8.71,2596,59.7
EWR,11/2012,9990,10050,507,494,23,4,7980,78.6,79.4,12.77,12.79,2.71,20.14,8.78,2070,57.03
EWR,12/2012,10119,10136,266,290,44,13,7144,71.37,70.48,19.55,20.64,3.81,21.37,8.98,2992,66.48
EWR,01/2013,9616,9635,240,256,37,12,7245,75.16,75.19,17.29,17.3,2.85,19.87,8.72,2390,66.09
EWR,02/2013,8575,8570,510,538,22,3,6499,76.14,75.83,15.52,16.57,3,19.89,8.55,2071,64.54
EWR,03/2013,10015,10008,373,389,32,21,6980,71.53,69.74,20.36,22.78,4.26,20.14,8.58,3028,71.97
EWR,04/2013,10231,10203,274,287,26,60,6923,73.09,67.85,19.94,24.3,4.85,21.59,8.57,3280,72.55
EWR,05/2013,10303,10243,258,274,31,47,6857,72.11,66.94,17.68,21.5,5.1,22.17,8.58,3386,61.06
EWR,06/2013,9736,9645,392,411,47,103,6229,68.26,64.58,24.65,30.13,5.88,22.09,8.68,3416,82.33
EWR,07/2013,10126,10061,305,323,44,58,6553,69.01,65.13,24.07,26.55,5.58,24.03,9.18,3508,73.13
EWR,08/2013,10144,10068,180,200,35,55,7649,76.01,75.97,15.85,16.22,3.83,22.31,8.94,2419,63.49
EWR,09/2013,9362,9309,158,164,30,49,7694,85.32,82.65,10.63,12.43,3.63,20.27,8.24,1615,66.37
EWR,10/2013,10006,9953,92,103,6,20,7892,82.01,79.29,11.59,13.92,3.19,20.22,8.11,2061,62.72
EWR,11/2013,9603,9583,84,107,20,4,7972,83.7,83.19,9.63,9.82,2.2,19.24,8.21,1611,53.14
EWR,12/2013,9410,9357,484,527,28,29,6416,65.63,68.57,22.66,22.46,3.82,21.39,9.17,2941,67.95
Sub-Total for EWR,,339915,339790,11673,12019,959,1262,243236,74.78,71.58,17.38,19.92,4.61,21.46,8.98,96554,66.24
IAH,01/2011,14464,14484,144,154,32,9,11826,84.48,81.65,8.17,9.79,5.33,16.71,8.77,2658,44.19
IAH,02/2011,12341,12308,879,906,24,28,10059,84.59,81.73,9.14,11.14,4.9,17.24,7.62,2249,52.96
IAH,03/2011,14784,14709,102,136,40,75,12362,82.52,84.04,10.63,9.62,4.19,17.15,7.65,2347,51.43
IAH,04/2011,14018,14038,97,122,58,14,11113,82.19,79.16,10.21,11.78,5.39,17.63,7.19,2925,48.27
IAH,05/2011,14413,14410,177,191,49,46,11678,82.79,81.04,10.85,12.25,5.47,17.17,7.46,2732,55.25
IAH,06/2011,14925,14940,115,137,61,22,11810,78.99,79.05,12.9,13.7,4.43,16.4,7.58,3130,57.97
IAH,07/2011,15848,15843,117,150,64,42,12192,75.58,76.96,13.88,13.61,4.22,16.86,7.44,3651,52.13
IAH,08/2011,15481,15481,134,162,56,37,13250,84.14,85.59,9.27,8.7,2.79,15.83,7.13,2231,51.55
IAH,09/2011,13756,13719,93,102,30,55,11814,87.02,86.11,7.78,8.18,4.05,16.27,7.68,1905,48.94
IAH,10/2011,14184,14147,77,98,30,56,12505,87.7,88.39,8.43,7.85,3.01,16.42,8.18,1642,58.88
IAH,11/2011,13757,13713,28,50,24,32,11804,86.05,86.08,8.39,8.23,3.58,18.04,8.39,1909,49.94
IAH,12/2011,14594,14604,142,156,59,47,11572,79.7,79.24,12.68,13.23,4.9,17.46,8.65,3032,55.67
IAH,01/2012,13474,13456,137,166,43,41,11480,82.19,85.32,11.35,10.12,3.74,17.96,8.29,1976,61.21
IAH,02/2012,12929,12885,54,76,29,37,10153,78.51,78.8,12.22,12.39,5.49,17.22,8.42,2732,51.08
IAH,03/2012,14329,14294,224,239,36,68,11063,71.93,77.4,18.63,15.38,4.85,16.62,8.74,3231,62.19
IAH,04/2012,13680,13683,68,89,27,30,11370,79.87,83.1,11.64,10.09,3.43,16.54,7.8,2313,52.3
IAH,05/2012,14344,14413,57,63,54,11,12252,83.28,85.01,9.64,9.38,2.45,16.77,7.89,2161,54.52
IAH,06/2012,15365,15313,196,213,61,132,11592,72.31,75.7,18.04,16.48,4.96,17.38,8.19,3721,62.02
IAH,07/2012,16151,16134,390,432,57,74,11054,64.14,68.51,25.37,24.86,5.09,17.31,7.74,5080,74.87
IAH,08/2012,15980,15982,206,227,40,45,12774,76.11,79.93,14.61,12.96,3.07,16.33,7.18,3208,58.48
IAH,09/2012,14121,14125,112,128,27,29,12176,84.02,86.2,9.61,8.56,2.45,16.75,6.88,1949,55.43
IAH,10/2012,14846,14849,189,210,29,8,12953,84.86,87.23,8.95,7.84,1.71,15.42,7.01,1896,53.93
IAH,11/2012,14622,14632,63,88,26,4,13321,86.65,91.04,7.92,5.81,0.99,15.58,7.33,1311,57.87
IAH,12/2012,14963,14906,202,237,40,51,11726,75.04,78.67,15.65,14.1,3.28,16.69,7.36,3180,61.23
IAH,01/2013,14712,14667,240,263,52,74,11354,76.96,77.41,15.06,14.38,4.94,16.68,7.41,3313,58.31
IAH,02/2013,13715,13690,182,219,33,24,11063,80.79,80.81,11.23,11.24,3.63,16.49,7.12,2627,52.59
IAH,03/2013,16129,16088,131,166,33,33,13544,80.48,84.19,11.67,10.26,2.09,16.16,7.24,2544,59.01
IAH,04/2013,14969,14941,164,206,42,22,11474,76.46,76.8,14.93,15.17,4.45,16.32,7.69,3467,59.61
IAH,05/2013,15476,15480,160,178,51,33,12655,81.45,81.75,11.86,12.35,3.44,15.94,7.66,2825,61.06
IAH,06/2013,15429,15407,226,250,69,69,11786,71.41,76.5,20.42,17.82,3.36,16.46,7.46,3621,71.38
IAH,07/2013,15590,15543,121,164,50,52,12427,74.85,79.95,15.72,13.22,3,16.19,7.47,3116,60.67
IAH,08/2013,15088,15023,112,143,43,70,12816,80.96,85.31,11.32,9.3,2.77,15.26,7.45,2207,56.56
IAH,09/2013,14141,14091,83,115,34,52,12229,85.89,86.79,8.92,8.72,3.1,15.53,7.52,1862,58.88
IAH,10/2013,14826,14813,55,77,27,20,12478,83.68,84.24,8.94,8.98,3.45,16.17,7.33,2335,49.21
IAH,11/2013,14133,14110,84,126,28,12,11915,81.08,84.44,11.31,9.99,2.5,16.11,7.52,2195,57.48
IAH,12/2013,14458,14441,336,373,49,38,10726,72.62,74.27,17,17.36,4,16.42,7.54,3715,62.35
Sub-Total for IAH,,526035,525362,5897,6812,1507,1492,428366,79.89,81.54,12.45,11.88,3.72,16.58,7.66,96996,57.58
JFK,01/2011,7100,7112,511,516,22,10,5429,76.58,76.34,14.91,14.93,3.62,27.91,9.58,1683,58.32
JFK,02/2011,6633,6651,330,326,40,15,5158,78.89,77.55,13.95,14.71,4.25,25.37,8.54,1493,61.1
JFK,03/2011,8073,8046,78,88,17,30,6440,81.18,80.04,13.3,14.68,4.16,24.65,8.93,1606,68.49
JFK,04/2011,7806,7758,181,183,24,65,5613,77.07,72.35,16.88,20.6,6.4,28.2,9.68,2145,70.87
JFK,05/2011,7952,7948,106,111,20,28,5911,78.41,74.37,15.38,15.83,5.85,30.39,9.9,2037,56.76
JFK,06/2011,7938,7889,171,174,17,64,5855,76.92,74.22,19.5,19.17,6.78,28.96,10.56,2034,70.35
JFK,07/2011,8437,8428,142,143,27,37,6478,76.4,76.86,16.79,15.59,5.21,30.01,10.23,1950,62.39
JFK,08/2011,7695,7647,852,834,13,81,5367,70.53,70.18,25.58,24.54,7.5,30.84,10.62,2280,78.72
JFK,09/2011,7611,7606,56,55,19,16,5881,82.8,77.32,10.74,13.96,5.52,27.88,9.71,1725,56.35
JFK,10/2011,7682,7669,109,110,12,23,6396,85.02,83.4,9.78,10.9,3.34,24.83,8.78,1273,59.3
JFK,11/2011,7241,7241,10,18,18,9,6270,87.76,86.59,7.21,7.61,2.72,23.16,8.4,971,49.47
JFK,12/2011,7441,7414,34,37,12,22,6326,85.84,85.33,9.35,9.54,3.09,22.94,8.09,1088,58.45
JFK,01/2012,7523,7550,48,51,22,6,6451,86.39,85.44,8.31,8.59,2.82,23.45,8.07,1099,52.27
JFK,02/2012,7283,7277,24,31,12,5,6506,88.95,89.4,6.5,6.42,1.72,23.3,7.97,771,53.33
JFK,03/2012,8197,8187,48,50,11,15,6660,83.45,81.35,10.36,10.83,4.42,23.52,8.28,1527,50.52
JFK,04/2012,7936,7941,14,18,14,5,7142,88.48,89.94,7.13,6.03,1.83,23.5,7.8,799,51.44
JFK,05/2012,7950,7957,37,33,16,14,6769,85.91,85.07,8.96,9.33,3.01,27.7,8.65,1188,56.03
JFK,06/2012,8121,8090,107,104,21,54,6446,78.93,79.68,17.25,15.64,5.26,28.43,9.26,1644,71.9
JFK,07/2012,8649,8607,131,132,12,52,6518,76.64,75.73,19.97,19.13,5.53,29.35,9.64,2089,74.2
JFK,08/2012,8654,8628,86,92,19,38,6667,77.31,77.27,19.28,17.8,4.45,27.57,9.6,1961,74.13
JFK,09/2012,7976,7944,33,36,7,33,6388,83.89,80.41,11.46,13.74,4.64,26.46,8.86,1556,65.12
JFK,10/2012,7403,7389,752,756,7,16,6199,85.45,83.89,8.81,9.51,2.94,24.49,8.68,1190,52.01
JFK,11/2012,7624,7580,251,247,14,52,6383,84.51,84.21,10.98,10.18,4.93,24.31,8.67,1197,56.45
JFK,12/2012,8034,8034,60,63,19,15,6038,75.27,75.16,17.06,17.23,4.23,24.97,8.42,1996,64.89
JFK,01/2013,9031,9047,103,107,27,18,7528,83.03,83.21,11.35,11.63,3.14,23.59,8.27,1519,63.41
JFK,02/2013,8007,7978,395,406,19,29,6158,78.38,77.19,14.4,14.97,4.47,24.68,8.09,1820,61.02
JFK,03/2013,9497,9491,189,189,11,17,7453,79.58,78.53,13.35,14.14,4.18,25.15,8,2038,60.67
JFK,04/2013,9013,9004,187,200,18,23,6862,78.89,76.21,15.01,17.31,4.27,27.34,7.88,2142,68.17
JFK,05/2013,9270,9252,114,116,13,25,6592,77.91,71.25,14.99,20.08,5.89,28.3,8.3,2660,65.55
JFK,06/2013,9182,9153,267,267,23,42,6235,71.12,68.12,22.62,25.35,5.89,31.63,9.86,2918,76.17
JFK,07/2013,9757,9769,241,236,25,18,6311,67.55,64.6,25.63,25.61,6.82,32.66,10.8,3458,68.67
JFK,08/2013,9870,9858,95,97,18,34,7447,76.34,75.54,15.08,16.04,4.96,27.76,9.51,2411,60.64
JFK,09/2013,8788,8808,101,108,19,24,7312,85.5,83.02,9.78,11.34,4.54,24.69,8.76,1496,60.06
JFK,10/2013,9096,9136,37,39,10,6,7809,86.91,85.48,7.72,9.01,3.57,22.97,8.69,1327,53.96
JFK,11/2013,8645,8640,39,53,26,8,7375,87,85.36,7.93,8.86,2.67,23.33,8.07,1265,54.03
JFK,12/2013,8923,8947,194,189,29,15,6466,74.08,72.27,16.7,18.16,4.24,25.21,8.94,2481,61.01
Sub-Total for JFK,,296038,295676,6133,6215,653,964,232839,80.33,78.75,13.89,14.6,4.45,26.45,8.96,62837,63.6
LAS,01/2011,11784,11812,142,127,22,8,9651,77.33,81.71,11.69,9.3,1.95,14.45,6.51,2161,43.76
LAS,02/2011,10775,10788,180,176,22,11,8304,76.05,76.97,12.55,12.15,3.61,14.21,6.31,2484,46.3
LAS,03/2011,12644,12656,76,82,24,13,10144,78.81,80.15,12.13,10.68,2.89,14.37,5.97,2512,46.59
LAS,04/2011,12263,12285,143,133,25,11,9617,77.03,78.28,13.26,12.1,3.31,13.49,6.08,2668,48.98
LAS,05/2011,12744,12748,108,103,33,7,10314,78.12,80.91,12.24,11.2,2.13,15.02,6.26,2434,52.07
LAS,06/2011,12382,12421,75,69,39,12,10157,79.24,81.77,11.89,10.59,2.06,14.38,6.44,2264,50.87
LAS,07/2011,12806,12782,75,76,19,44,10827,82.23,84.71,11.14,9.6,2,14.94,6.73,1955,56.34
LAS,08/2011,12602,12638,133,125,34,5,10840,82.76,85.77,10.39,8.46,1.49,14.31,6.65,1798,51.99
LAS,09/2011,12020,12022,56,52,17,20,10558,85.02,87.82,8.55,6.88,1.93,16.08,6.81,1464,47.7
LAS,10/2011,12422,12428,65,57,18,13,10853,84.81,87.33,8.26,6.51,2.3,15.27,6.79,1575,42.32
LAS,11/2011,11247,11257,44,45,15,9,9716,85.23,86.31,8.28,7.32,2.3,14.33,6.53,1541,44.31
LAS,12/2011,11181,11193,46,43,13,7,9858,85.48,88.07,8.03,6.15,1.67,13.99,6.93,1335,42.39
LAS,01/2012,11201,11197,86,84,13,13,9923,85.23,88.62,9.2,6.73,1.98,14.3,6.66,1274,50.55
LAS,02/2012,10607,10624,58,54,13,4,9391,87.04,88.39,7.01,5.71,2.07,14.41,6.75,1233,39.21
LAS,03/2012,12092,12088,98,83,18,40,10523,84.74,87.05,9.96,7.69,2.02,14.73,7.34,1565,50.91
LAS,04/2012,12029,12038,68,65,12,4,10629,85.86,88.3,8.03,6.23,1.7,14.22,7.03,1409,43.48
LAS,05/2012,12456,12474,40,41,24,7,10990,83.73,88.1,9.24,6.47,1.56,15.02,7.44,1484,45.43
LAS,06/2012,11999,12036,79,56,29,12,10010,77.77,83.17,13.37,10.02,1.93,14.2,7.37,2026,51.5
LAS,07/2012,12352,12358,62,49,32,34,10176,76.46,82.34,14.28,10.46,2.03,14.07,7.27,2182,52.39
LAS,08/2012,12139,12173,74,61,33,21,9966,76.37,81.87,14.31,10.9,2.3,14.48,7.27,2207,52.97
LAS,09/2012,11614,11615,66,62,20,23,9936,82.3,85.54,10.66,8.61,2.32,14.23,7.05,1679,51.89
LAS,10/2012,12209,12222,148,137,16,14,10099,81.24,82.63,11.02,9.98,2.81,14.29,6.88,2123,49.56
LAS,11/2012,11227,11237,51,48,15,5,9921,84.64,88.29,9.7,6.59,1.28,13.54,6.54,1316,47.67
LAS,12/2012,11177,11197,88,77,14,5,8584,72.91,76.66,15.26,12.73,2.37,13.61,6.69,2613,48.54
LAS,01/2013,10916,10923,44,42,15,10,9541,84.57,87.35,8.45,6.78,1.98,13.74,6.5,1382,44.59
LAS,02/2013,9931,9952,79,77,21,2,8677,85.49,87.19,7.81,6.62,1.73,13.76,6.59,1275,42.46
LAS,03/2013,11769,11772,58,48,14,20,9915,81.03,84.23,10.72,8.91,1.96,13.63,6.46,1857,48.9
LAS,04/2013,11630,11634,54,50,15,11,9371,77.34,80.55,12.33,10.46,2.44,14.34,6.41,2263,46.54
LAS,05/2013,12176,12207,51,49,36,10,10251,80.68,83.98,11.55,9.39,1.75,14.39,6.53,1956,51.7
LAS,06/2013,11786,11811,77,79,36,7,9311,74.74,78.83,15.64,13.05,2.12,14.04,6.43,2500,55.09
LAS,07/2013,11983,11980,97,105,34,24,9580,75.73,79.97,15.94,12.1,2.42,14.71,6.79,2400,53.68
LAS,08/2013,11951,11985,55,45,27,12,9440,73.16,78.77,15.49,11.96,2.51,15.08,7.03,2545,49.14
LAS,09/2013,11361,11370,43,30,22,18,9140,75.88,80.39,13.79,10.8,2.33,16.61,6.83,2230,48.1
LAS,10/2013,12100,12124,27,23,16,4,9751,76.26,80.43,12.53,10.49,2.68,15.47,6.98,2373,45.96
LAS,11/2013,10959,10963,98,81,22,30,8949,78.57,81.63,14.04,12.57,2.88,13.77,6.63,2014,61.72
LAS,12/2013,11001,11006,94,97,16,8,7513,62.72,68.26,18.51,16.02,3.32,13.33,6.67,3493,45.32
Sub-Total for LAS,,423535,424016,2838,2631,794,498,352426,79.89,83.12,11.61,9.52,2.22,14.43,6.73,71590,48.98
LAX,01/2011,16043,16059,305,318,43,19,13010,82.69,81.01,10.09,10.55,3.26,14.57,9.02,3049,49.56
LAX,02/2011,14632,14608,293,318,38,30,11040,80.69,75.58,11.06,13.37,5.34,14.39,8.72,3568,48.95
LAX,03/2011,17048,17050,213,232,29,34,13237,80.37,77.64,11.22,12.76,4.68,14.59,8.84,3813,49.97
LAX,04/2011,17207,17231,208,223,38,14,13348,82.27,77.47,9.63,11.87,4.73,14.89,8.78,3883,45.09
LAX,05/2011,17834,17840,213,219,33,26,14259,81.96,79.93,10.33,11.82,3.74,15.21,9.12,3581,50.92
LAX,06/2011,18263,18277,201,215,49,20,14214,80.14,77.77,11.39,13.3,4.12,15.76,9.79,4063,52.38
LAX,07/2011,19052,19087,232,233,50,17,15674,82.64,82.12,10.83,10.82,2.64,16.09,10.21,3413,53.44
LAX,08/2011,19035,19059,260,271,52,18,15705,83.11,82.4,10.09,10.52,2.91,16,9.88,3354,52.28
LAX,09/2011,17182,17190,132,142,31,17,14665,87.15,85.31,7.38,8.03,2.81,15.81,9.34,2525,45.85
LAX,10/2011,17605,17608,181,199,29,12,14703,86.29,83.5,7.7,8.78,3.31,15.48,9.37,2905,44.89
LAX,11/2011,16634,16584,162,164,19,66,13446,83.3,81.08,9.43,10.08,4.45,15.9,9.78,3138,45.54
LAX,12/2011,17296,17254,217,230,28,68,14574,84.43,84.47,9.35,9.23,3.47,15.75,10.03,2680,51.77
LAX,01/2012,17608,17600,194,211,39,20,15276,86.94,86.8,8.23,8.38,2.28,14.9,9.55,2324,55.57
LAX,02/2012,16745,16744,156,167,27,13,14555,87.85,86.93,6.61,6.92,2.76,14.93,9.36,2189,43.7
LAX,03/2012,18726,18731,216,236,36,15,15498,82.05,82.74,11.16,10.28,3.05,15.85,10.66,3233,52.17
LAX,04/2012,18010,18016,149,154,32,18,15268,84.8,84.75,8.78,8.82,2.91,15.3,10.14,2748,49.67
LAX,05/2012,18610,18624,115,124,36,13,16071,85.87,86.29,8.42,8.39,2.29,15.21,9.52,2553,53.36
LAX,06/2012,19128,19151,197,222,64,15,15463,80.78,80.74,12.12,11.78,3.08,15.97,10.26,3688,54.33
LAX,07/2012,20103,20142,210,211,64,26,16072,79.43,79.79,13.24,13.14,2.53,16.35,10.5,4070,59.1
LAX,08/2012,19920,19940,156,165,43,15,16248,80.49,81.48,12.09,11.64,2.51,16.51,10.64,3692,56.35
LAX,09/2012,17846,17862,171,179,39,21,14635,83.78,81.93,9.46,10.6,3.1,16.28,10.5,3227,51.87
LAX,10/2012,18161,18170,350,361,28,14,13895,80.34,76.47,11.03,12.66,4.53,16.53,10.47,4275,47
LAX,11/2012,17339,17310,196,220,29,38,14594,83.85,84.31,9.94,9.22,2.8,15.61,10.03,2716,50.88
LAX,12/2012,17914,17897,205,243,42,33,13265,77.02,74.12,13.5,14.59,4.42,15.96,9.85,4632,50.44
LAX,01/2013,17385,17372,144,160,34,21,14821,86.77,85.32,7.73,8.59,2.79,15.51,9.46,2551,50.2
LAX,02/2013,15779,15764,195,212,36,30,13384,86.53,84.9,7.98,8.44,2.95,15,9.17,2380,47.74
LAX,03/2013,18327,18316,183,205,34,28,15192,83.15,82.94,10.11,10.18,2.74,15.09,9.21,3124,52.33
LAX,04/2013,17986,17978,235,246,34,31,14293,81.89,79.5,11.29,12.6,3.33,15.41,9.58,3685,54.7
LAX,05/2013,18875,18892,132,140,53,22,15630,83.32,82.73,10.26,10.58,2.73,15.8,9.77,3262,54.26
LAX,06/2013,19506,19541,215,221,60,25,14657,76.55,75.01,15.05,16.31,4.07,16.2,10.48,4884,59.04
LAX,07/2013,20406,20425,326,347,60,21,15762,78.93,77.17,13.5,14.51,3.5,16.81,10.72,4663,57.57
LAX,08/2013,20168,20205,178,188,49,13,15813,78.72,78.26,12.3,12.5,3.54,16.7,10.5,4392,50.69
LAX,09/2013,18199,18205,166,173,37,12,15216,83.76,83.58,9.39,9.63,2.66,15.6,10.33,2989,51.09
LAX,10/2013,18794,18806,139,139,38,21,15512,84.29,82.48,8.66,9.34,3.47,15.18,9.65,3294,45.11
LAX,11/2013,17666,17646,309,280,21,76,14849,84.06,84.15,10.16,9.88,3.5,15.03,10.38,2797,54.15
LAX,12/2013,18795,18798,219,230,38,32,13899,75.14,73.94,13.97,14.31,3.98,15.14,10.37,4899,49.41
Sub-Total for LAX,,649827,649982,7373,7798,1412,914,527743,82.44,81.19,10.45,11.01,3.34,15.62,9.86,122239,51.42
LGA,01/2011,7361,7346,911,902,13,34,5728,82.24,77.97,11.87,14.01,4.49,24.64,8.4,1618,58.71
LGA,02/2011,6963,6969,663,665,21,17,5244,82.45,75.25,11.36,15.43,4.59,23.69,7.69,1725,57.8
LGA,03/2011,8379,8355,247,250,7,26,6533,85.03,78.19,9.54,14.88,4.44,26.16,7.33,1822,63.86
LGA,04/2011,7772,7773,336,336,31,29,5088,76.18,65.46,17.25,23.82,6.39,27.91,8.01,2685,66.14
LGA,05/2011,8059,8062,306,312,31,26,5664,80.32,70.26,13.17,19.29,6.54,27.27,7.97,2398,60.67
LGA,06/2011,7952,7903,353,363,26,62,5944,81.99,75.21,15.26,17.84,6.08,28.53,8.19,1959,67.63
LGA,07/2011,8063,8015,359,357,24,67,6171,82.51,76.99,13.42,16.47,6.52,28.67,8.58,1844,67.1
LGA,08/2011,7732,7678,863,878,26,67,5702,81.3,74.26,16.51,20.26,7.44,28.34,8.58,1976,74.97
LGA,09/2011,7746,7729,211,211,15,29,6016,85.58,77.84,10.81,14.37,5.08,28.19,7.88,1713,59.82
LGA,10/2011,7911,7880,179,185,4,27,6464,88.21,82.03,7.72,11.52,4.25,25.8,7.59,1416,58.31
LGA,11/2011,7534,7525,135,125,11,27,5973,86.62,79.38,9.26,13.1,4.41,23.35,7.4,1552,58.34
LGA,12/2011,7632,7612,73,74,6,23,6164,87.74,80.98,7.21,10.94,3.75,22.16,7.21,1448,52.65
LGA,01/2012,7587,7592,224,223,14,11,6182,88.99,81.43,6.96,11.33,3.72,22.62,7.13,1410,55.83
LGA,02/2012,7398,7403,111,106,6,6,6612,92.55,89.32,4.28,6.24,2.06,23.45,6.99,791,51.29
LGA,03/2012,8062,8072,125,120,17,15,6588,89.18,81.62,6.51,10.35,3.51,24.39,7.52,1484,50.21
LGA,04/2012,7998,7990,76,77,12,21,7049,91.82,88.22,4.92,6.97,2.4,23.83,7.55,941,52.52
LGA,05/2012,8216,8197,185,180,30,55,6113,83.43,74.58,10.92,16.26,4.9,26.61,7.6,2084,59.8
LGA,06/2012,7889,7858,243,246,23,48,6184,83.89,78.7,13.47,14.87,4.75,27.39,8.85,1674,65.05
LGA,07/2012,8298,8275,338,334,31,60,6129,80.31,74.07,16.46,20.2,5.46,29.58,9.75,2146,73.99
LGA,08/2012,8913,8890,344,341,23,53,6973,82.19,78.44,15.2,16.97,4.65,29.11,9.43,1917,74.2
LGA,09/2012,8194,8164,188,183,16,50,6422,85,78.66,11.09,14.97,4.71,27.64,8.46,1742,66.23
LGA,10/2012,7733,7664,996,1057,16,20,5938,84.12,77.48,10,14.11,4.1,25.3,7.96,1726,58.1
LGA,11/2012,7625,7677,431,351,7,36,6286,85.97,81.88,9.22,11.6,3.74,24.82,7.67,1391,58.56
LGA,12/2012,7835,7832,147,143,10,23,5793,79.26,73.97,13.69,17.74,4.94,24.61,8.21,2039,64.25
LGA,01/2013,7751,7745,185,186,14,10,6086,85.28,78.58,9.38,14.23,3.58,23.47,7.61,1659,62.43
LGA,02/2013,7029,7038,380,379,14,10,5478,83.51,77.83,10.49,13.55,3.93,23.69,7.78,1560,56.37
LGA,03/2013,8390,8367,315,311,12,40,6359,81.03,76,13.51,16.78,4.58,25.36,7.97,2008,65.45
LGA,04/2013,8320,8315,244,245,17,26,5898,79.52,70.93,15.21,21.31,4.59,28.57,7.95,2417,70.13
LGA,05/2013,8555,8542,224,220,28,47,6326,80.41,74.06,14.27,17.2,5.5,26.18,7.72,2216,62.21
LGA,06/2013,8157,8086,404,407,35,102,5236,73.02,64.75,22.36,28.57,7.94,27.19,8.34,2850,78.36
LGA,07/2013,8410,8333,485,480,32,116,5500,73.37,66,22.01,26.57,7.76,28.95,8.8,2833,75.09
LGA,08/2013,8742,8693,226,230,17,60,6597,79.52,75.89,14.53,16.47,5.38,27.28,8.11,2096,63.79
LGA,09/2013,8860,8830,242,238,14,47,7302,86.31,82.7,10.53,12.51,4.59,27.51,7.48,1528,66.43
LGA,10/2013,9516,9513,116,121,10,11,7688,85.04,80.82,9.36,11.4,3.47,26.77,7.49,1825,53.89
LGA,11/2013,8723,8708,119,126,9,14,6898,84.35,79.21,8.66,11.17,3.7,25.55,7.53,1810,48.74
LGA,12/2013,8687,8626,371,376,9,62,6165,75.15,71.47,16.32,19.15,4.96,24.86,8.65,2461,63.13
Sub-Total for LGA,,289992,289257,11355,11338,631,1377,222493,83.07,76.92,12.09,15.67,4.81,26.16,7.99,66764,63.5
MCO,01/2011,10123,10140,291,277,21,13,7922,78.14,78.13,12.65,12.77,3.92,12.84,7.32,2218,52.3
MCO,02/2011,9372,9375,237,248,18,5,7466,80.96,79.64,11.35,11.61,3.27,13.21,7.37,1909,50.68
MCO,03/2011,11465,11485,56,47,25,15,9263,81.08,80.65,14.06,12.74,3.86,14.16,7.73,2222,59.64
MCO,04/2011,10983,11023,93,90,51,19,8733,80.17,79.23,13.3,13.13,3.52,14.02,7.41,2290,57.49
MCO,05/2011,10504,10501,51,50,35,35,8697,81.99,82.82,12.17,10.94,2.92,13.26,7.42,1804,57.38
MCO,06/2011,10503,10510,55,46,40,39,8363,80.15,79.57,13.66,12.9,3.87,14.12,7.88,2147,57.53
MCO,07/2011,11118,11122,69,67,51,49,8802,79.44,79.14,14.57,13.42,4.13,13.77,8.14,2320,58.83
MCO,08/2011,10203,10224,274,275,43,19,8150,79.99,79.71,13.63,14,3.23,15.96,7.9,2074,63.36
MCO,09/2011,8838,8856,28,22,26,17,7344,85.16,82.93,9.61,9.99,4.03,13.22,7.47,1512,51.35
MCO,10/2011,9592,9609,38,33,22,10,7896,85.57,82.17,8.78,9.88,4.16,13.72,7.49,1713,47.1
MCO,11/2011,9641,9649,13,10,9,9,8578,89.61,88.9,6.23,6.69,2.38,13.41,7.71,1071,50.12
MCO,12/2011,10355,10384,19,13,19,5,9052,88.66,87.17,7.25,7.58,2.28,13.28,7.53,1332,49.5
MCO,01/2012,9977,9994,49,39,22,5,8760,88.53,87.65,7.13,7.24,2.5,12.59,7.15,1234,50.08
MCO,02/2012,9796,9798,18,14,12,16,8545,88.18,87.21,7.18,7.2,2.64,12.94,7.08,1253,48.21
MCO,03/2012,11243,11271,34,23,22,13,9470,84.63,84.02,9.53,8.78,2.93,13.8,7.47,1801,47.41
MCO,04/2012,10539,10531,31,28,11,14,9306,88.29,88.37,7.3,6.83,2.21,13.24,7.15,1225,50.33
MCO,05/2012,10328,10361,41,28,33,10,8624,83.68,83.24,10.58,10.06,3.17,13.68,7.24,1737,52.55
MCO,06/2012,10198,10207,59,52,35,33,8309,82.49,81.4,12.16,11.9,3.48,13.65,7.67,1898,56.88
MCO,07/2012,10682,10693,64,61,28,17,8251,78.19,77.16,15.16,15.07,3.55,14.05,7.62,2442,59.96
MCO,08/2012,9753,9765,62,63,29,18,7358,77.76,75.35,15.05,15.42,4.49,14.6,7.85,2407,56.54
MCO,09/2012,8426,8409,36,36,16,30,7092,86.53,84.34,9.42,9.19,3.42,13.41,7.36,1317,51.62
MCO,10/2012,8942,8940,262,273,12,7,7465,85.41,83.5,8.41,8.79,2.63,13.95,7.16,1475,45.43
MCO,11/2012,9361,9360,41,49,9,6,8230,88.36,87.93,7.33,7.49,1.98,14.14,7.22,1130,52.18
MCO,12/2012,9893,9924,70,64,24,7,7823,81.25,78.83,11.71,12.66,3.4,14.11,7.3,2101,53.46
MCO,01/2013,9443,9438,30,39,22,7,7905,85.03,83.76,8.96,9.09,3.17,13.74,7.12,1533,47.56
MCO,02/2013,8881,8893,126,129,21,6,7230,84.13,81.3,9.67,10.39,3.92,13.65,7.23,1663,47.68
MCO,03/2013,10932,10909,77,68,14,43,8573,79.75,78.59,13.71,13.03,4.7,14.07,7.43,2336,54.37
MCO,04/2013,10149,10164,49,42,30,15,7979,80.02,78.5,12.97,12.83,4.6,14.53,7.16,2185,53.52
MCO,05/2013,9839,9864,19,15,27,5,8308,83.49,84.23,10.27,9.63,2.64,13.16,7.63,1556,53.12
MCO,06/2013,9733,9780,59,46,51,17,7064,70.61,72.23,20.57,18.71,4.65,14.09,8.79,2716,62.31
MCO,07/2013,10101,10101,67,72,37,30,7438,72.42,73.64,19.15,17.21,4.68,13.87,8.6,2663,59.5
MCO,08/2013,9191,9188,26,22,31,42,7328,78.91,79.76,13.27,11.57,3.45,13.87,8.02,1860,50.6
MCO,09/2013,7671,7662,23,18,17,20,6698,85.76,87.42,8.61,7.73,1.9,13.26,7.43,964,53.81
MCO,10/2013,8563,8575,3,6,16,3,7535,87.12,87.87,7.15,6.51,1.77,13.18,7.17,1040,44.36
MCO,11/2013,8982,8987,25,26,12,4,7737,84.87,86.09,8.24,7.46,2.21,13.48,7.13,1250,45.02
MCO,12/2013,9488,9507,107,116,23,7,6571,70.01,69.12,16.93,16.82,4.43,13.3,7.35,2936,49.01
Sub-Total for MCO,,354808,355199,2602,2507,914,610,289865,82.3,81.61,11.43,11.13,3.36,13.72,7.53,65334,53.66
MIA,01/2011,6541,6515,228,232,9,31,5158,77.16,79.17,13.98,12.74,4.89,16.28,8.45,1357,55.1
MIA,02/2011,5978,5972,162,173,15,9,4891,79.99,81.9,12.14,11.44,2.98,16.63,7.79,1081,56.89
MIA,03/2011,6487,6590,281,285,129,21,5254,75.07,79.73,16.89,12.21,4.1,17.69,8,1336,53.97
MIA,04/2011,6192,6171,91,104,34,38,4963,75.44,80.42,15.84,13.02,4.59,17.58,7.56,1208,61.17
MIA,05/2011,6315,6316,72,78,18,11,5325,80.22,84.31,11.93,10.56,2.41,16.4,7.12,991,61.07
MIA,06/2011,6083,6052,105,107,36,68,4811,76.66,79.49,15.48,13.88,5.14,17.82,7.78,1241,62.22
MIA,07/2011,6473,6485,109,116,39,20,5094,74.88,78.55,16.44,14.4,3.72,17.84,8.13,1391,61.8
MIA,08/2011,6144,6112,291,304,33,45,4629,69.76,75.74,20.25,15.55,5,18.06,8.58,1483,59.27
MIA,09/2011,5950,5955,41,38,15,14,4905,81.88,82.37,10.84,10.52,3.75,16.71,7.18,1050,53.41
MIA,10/2011,6158,6158,33,39,20,13,5183,81.91,84.17,10.74,9.01,3.94,15.92,7.38,975,48.34
MIA,11/2011,6330,6341,17,18,10,3,5581,84.85,88.01,8.47,7.44,1.86,15.91,7.33,760,54.01
MIA,12/2011,7008,7020,28,28,14,5,6011,80.89,85.63,11.12,8.36,2.36,16.26,8.51,1009,50.18
MIA,01/2012,6944,6950,46,54,22,6,6074,82.85,87.4,9.83,7.45,2.5,16.01,8.5,876,50.67
MIA,02/2012,6537,6552,29,29,15,4,5801,86.83,88.54,7.62,6.47,2.34,15.94,7.76,751,47.59
MIA,03/2012,6973,6967,35,39,27,30,5921,82.13,84.99,10.69,9.41,3.23,16.67,7.84,1046,55.92
MIA,04/2012,6490,6481,24,28,18,17,5658,84.84,87.3,8.31,7.89,2.93,16.55,7.57,823,53.38
MIA,05/2012,6398,6383,32,38,33,41,5164,78.09,80.9,14.47,12.26,4.5,17.39,7.75,1219,58.35
MIA,06/2012,6194,6175,62,62,23,44,4981,76.49,80.66,16.2,13.73,4.72,17.11,8.7,1194,65.23
MIA,07/2012,6380,6378,59,63,27,24,5068,75.47,79.46,16.03,13.99,3.93,17.25,7.89,1310,62.82
MIA,08/2012,6051,6029,239,242,25,37,4581,71.51,75.98,18.97,16.04,5.24,17.48,8.13,1448,61.29
MIA,09/2012,5582,5584,77,75,16,16,3992,70.24,71.49,19.56,18.09,5.6,17.42,8.66,1592,58.89
MIA,10/2012,5681,5690,206,202,15,10,4326,74.41,76.03,15.14,13.58,4.02,16.7,8.11,1364,50.74
MIA,11/2012,6234,6233,42,54,8,5,5269,82.82,84.53,10.09,9.2,2.34,15.83,8.22,964,52.23
MIA,12/2012,7018,7030,70,74,18,3,5681,77.7,80.81,13.08,12.27,2.75,16.52,8.46,1349,57.74
MIA,01/2013,7125,7140,51,50,21,4,6033,83.17,84.5,9.54,9.26,2.91,16.51,8.23,1107,52.29
MIA,02/2013,6514,6517,66,72,16,11,5383,80.7,82.6,11.02,10.74,3.48,16.65,8.3,1134,55.18
MIA,03/2013,7334,7333,37,47,16,10,6068,82.41,82.75,10.18,11.1,3.1,17.04,8.09,1265,58.58
MIA,04/2013,6762,6743,94,95,23,35,5175,76.31,76.75,15.14,15.64,4.93,18.38,7.94,1568,62.21
MIA,05/2013,6820,6787,41,34,21,61,5581,80.07,82.23,13.68,12.13,4.23,16.69,7.9,1206,62.42
MIA,06/2013,6642,6661,55,60,44,25,5092,74.3,76.44,17.4,17.66,4.68,17.9,8.18,1569,69.98
MIA,07/2013,6859,6875,63,63,36,21,5267,74.54,76.61,15.66,16.14,3.84,17.79,8.32,1608,63.94
MIA,08/2013,6825,6845,18,23,32,7,5826,82.33,85.11,10.03,10.16,2.24,16.48,7.85,1019,61.65
MIA,09/2013,6140,6136,15,22,16,7,5426,87,88.43,7.27,7.43,1.98,15.71,7.35,710,56.87
MIA,10/2013,6530,6531,7,13,14,7,5933,88.65,90.84,6.22,5.85,1.45,15.51,6.95,598,55.34
MIA,11/2013,6511,6522,16,15,9,9,5785,87.31,88.7,6.86,6.89,2.09,16.02,7.25,737,52.75
MIA,12/2013,7355,7381,101,102,22,6,5867,79.56,79.49,11.07,12.63,2.89,16.8,7.67,1514,55.58
Sub-Total for MIA,,233558,233610,2943,3078,889,718,191757,79.5,82.08,12.65,11.48,3.49,16.81,7.93,41853,57.87
MSP,01/2011,7810,7802,192,203,16,12,5693,76.34,72.97,14.98,15.77,5.33,23.75,7.67,2109,52.79
MSP,02/2011,6796,6772,457,482,18,10,5297,81.8,78.22,11.66,13.61,4.32,18.99,7.46,1475,56.17
MSP,03/2011,7999,7974,86,102,13,18,6331,82.31,79.4,11.18,12.29,3.94,18.24,7.03,1643,53.3
MSP,04/2011,7883,7883,107,111,19,20,6266,82.82,79.49,11.48,13.16,3.99,16.48,6.69,1617,57.99
MSP,05/2011,8440,8433,148,161,27,17,6988,84.92,82.86,9.11,10.46,3.29,16.59,6.72,1445,53.73
MSP,06/2011,9382,9387,116,122,25,9,7677,82.97,81.78,10.46,11.89,3.17,17.6,7.29,1710,57.94
MSP,07/2011,9763,9733,122,147,22,23,7897,80.28,81.14,13.43,13.13,3.14,17.6,7.96,1836,63.46
MSP,08/2011,9758,9757,126,149,25,13,8403,86,86.12,8.87,9.36,2.54,16.82,7.72,1354,60.17
MSP,09/2011,8887,8893,26,33,13,2,8139,91.74,91.52,5.35,5.48,2,16.03,7.31,754,52.38
MSP,10/2011,9282,9289,28,34,12,15,8617,91.26,92.77,5.18,4.58,1.47,16.05,7.09,672,53.48
MSP,11/2011,8359,8364,30,32,13,13,7605,90.14,90.93,5.95,5.66,1.87,17.18,6.97,759,53.58
MSP,12/2011,8255,8268,34,38,11,5,7412,89.5,89.65,6.41,6.26,2.16,18.03,6.97,856,50.93
MSP,01/2012,8310,8307,70,81,11,4,7232,88.12,87.06,7.23,7.46,2.3,20.17,7.15,1075,50.55
MSP,02/2012,7732,7723,52,69,8,5,6867,89.94,88.92,6.03,6.97,2.29,18.81,6.95,856,54.39
MSP,03/2012,9080,9068,39,58,17,7,8019,88.58,88.43,7.09,7.38,2.18,16.84,6.66,1049,55
MSP,04/2012,8848,8825,40,51,8,13,8030,92.24,90.99,4.8,5.67,2.44,15.58,6.47,795,52.15
MSP,05/2012,9087,9046,38,57,22,39,7867,87.37,86.97,8.09,8.51,3.08,16.48,6.73,1179,58.11
MSP,06/2012,9598,9575,48,54,24,35,8181,86.16,85.44,9.71,10.35,3.09,17.21,6.95,1394,64.92
MSP,07/2012,10270,10265,57,69,25,20,8842,85.38,86.14,9.86,9.59,2.39,16.59,6.96,1423,61.9
MSP,08/2012,10457,10464,32,39,21,11,9319,90.04,89.06,5.99,6.92,2.02,16.42,6.8,1145,54.76
MSP,09/2012,9266,9275,29,24,13,8,8509,92,91.74,4.69,5.47,1.57,15.37,6.67,766,57.51
MSP,10/2012,9567,9594,135,133,14,4,8506,88.65,88.66,6.87,6.94,2.16,16.14,6.28,1088,51.93
MSP,11/2012,8922,8901,60,75,12,9,8037,89.65,90.29,6.62,6.11,2.07,16.43,6.1,864,52.54
MSP,12/2012,8482,8498,151,158,22,14,7037,83.32,82.81,11.16,11.09,3.04,21.12,6.72,1461,58.04
MSP,01/2013,11000,10995,211,228,18,9,9250,85.51,84.13,9.56,10.33,3.06,20.41,6.58,1745,58.32
MSP,02/2013,10035,10013,182,221,25,7,8375,84.44,83.64,10.3,11.17,3,22.36,6.77,1638,61.93
MSP,03/2013,12379,12371,212,232,26,11,10297,84.33,83.23,10.36,10.83,3.16,19.39,6.19,2074,57.97
MSP,04/2013,11856,11830,268,295,21,22,9811,83.92,82.93,11.14,12.58,3.2,19.6,6.07,2019,68.06
MSP,05/2013,12161,12141,82,104,37,28,10365,86.17,85.37,9.01,9.73,3.27,17.5,5.95,1776,58.49
MSP,06/2013,12933,12910,104,130,27,18,10349,80.96,80.16,12.17,13.08,3.26,17.96,6.21,2561,59.84
MSP,07/2013,13574,13538,150,192,32,22,11292,81.78,83.41,11.75,11.79,2.34,17.63,6.29,2246,64.82
MSP,08/2013,13591,13587,61,69,21,32,11919,87.04,87.72,8.04,8.1,2.33,17.3,6.2,1668,57.99
MSP,09/2013,11907,11900,50,57,17,13,10775,90.92,90.55,5.92,6.56,1.86,17.06,5.73,1125,60.29
MSP,10/2013,12620,12599,62,78,14,11,11184,89.02,88.77,6.13,6.54,2.56,17.22,5.81,1415,48.78
MSP,11/2013,11517,11523,42,61,27,8,10224,89.71,88.73,5.87,6.68,2.36,17.72,5.81,1299,50.39
MSP,12/2013,11327,11353,196,208,30,6,8291,75,73.03,16.97,18.69,4.48,25.62,6.95,3062,63.99
Sub-Total for MSP,,357133,356856,3843,4357,706,513,304903,86.06,85.44,8.92,9.49,2.78,18.07,6.66,51953,57.92
ORD,01/2011,22828,22846,927,1009,60,11,17586,76.93,76.98,14.09,16.25,4.86,18.04,10.19,5260,65.74
ORD,02/2011,20432,20372,2784,2875,75,48,14604,69.18,71.69,20.76,20.95,6.12,19.37,10.58,5768,70.2
ORD,03/2011,26643,26663,529,596,68,28,21712,79.33,81.43,12.81,13,3.67,16.32,9.43,4951,65
ORD,04/2011,25062,25029,1243,1323,102,70,17775,70.99,71.02,18.77,22.08,6.3,17.09,8.61,7254,72.42
ORD,05/2011,25563,25475,1562,1631,80,121,18715,71.65,73.46,19.98,22.97,5.85,17.92,9.65,6760,82.78
ORD,06/2011,26161,26111,1409,1479,105,77,19965,73.07,76.46,18.26,18.33,4.46,18.82,9.33,6146,73.37
ORD,07/2011,27276,27189,1154,1235,80,84,20452,71.73,75.22,18.86,18.17,4.08,17.57,9.16,6737,69.67
ORD,08/2011,27441,27310,935,1034,73,107,22231,77.94,81.4,14.96,14.11,3.63,17.84,8.78,5079,71.17
ORD,09/2011,25328,25310,295,342,46,9,21077,83.71,83.28,9.73,10.74,3.25,16.48,8.29,4233,57.6
ORD,10/2011,26040,26017,232,285,51,22,22736,86.32,87.39,7.85,7.77,2.56,16.22,8.54,3281,53.52
ORD,11/2011,23933,23959,376,418,49,18,19169,82.51,80.01,10.76,14.2,3.3,16.41,8.55,4790,66.4
ORD,12/2011,24393,24369,213,267,41,20,20813,83.54,85.41,9.52,8.91,2.34,16.1,9.18,3556,55.23
ORD,01/2012,23894,23849,829,908,69,34,19953,80.87,83.66,12.1,11.32,3.2,17.82,9.99,3896,64.24
ORD,02/2012,23117,23038,563,615,48,44,19874,84.62,86.27,10.02,10.38,2.79,16.37,8.71,3164,69.66
ORD,03/2012,25268,25177,340,400,59,41,20354,77.97,80.84,13.75,13.41,3,16.85,8.41,4823,65.5
ORD,04/2012,25622,25590,156,196,39,24,22390,84.99,87.5,8.18,7.87,2.26,15.81,8.07,3200,56
ORD,05/2012,25983,25891,695,732,68,123,21348,79.76,82.45,14.05,13.78,4.41,17.01,8.92,4543,73.89
ORD,06/2012,26642,26591,435,494,66,76,22078,77.41,83.03,14.13,12.82,2.55,16.59,8.7,4513,70.26
ORD,07/2012,26830,26723,753,824,82,110,19863,67.46,74.33,22.82,19.88,4.9,17,10.24,6860,73.46
ORD,08/2012,27535,27494,488,564,77,48,21798,73.21,79.28,17.65,15.4,2.97,17.01,9.33,5696,69.73
ORD,09/2012,25385,25348,272,305,42,42,20667,80.18,81.53,11.71,11.74,3.47,16.63,9.36,4681,57.83
ORD,10/2012,26175,26096,803,849,61,56,20278,77.01,77.71,14.57,15.83,4.28,17.07,9.08,5818,65.54
ORD,11/2012,24363,24317,243,281,23,22,20851,82.62,85.75,10.66,10.69,2.18,15.6,8.66,3466,68.44
ORD,12/2012,23104,23075,580,646,69,20,17909,73.38,77.61,17.11,16.3,3.05,17.14,9.09,5166,68.45
ORD,01/2013,23178,23204,604,649,67,25,17894,73.32,77.12,16.81,16.17,4.11,17.42,9.6,5310,65.94
ORD,02/2013,20795,20707,1336,1422,60,50,14765,67.2,71.3,21.24,20.86,5.21,19.22,9.82,5942,68.7
ORD,03/2013,24622,24645,790,843,59,17,19496,74.12,79.11,16.11,14.31,3.08,17.18,9.21,5149,63.93
ORD,04/2013,24429,24306,1602,1655,32,85,17209,69.58,70.8,23.54,27.49,5.32,16.85,9.11,7097,91.02
ORD,05/2013,26225,26168,715,763,63,92,19618,72.94,74.97,18.63,19.98,4.2,17.03,8.62,6550,75.76
ORD,06/2013,26126,26004,1025,1123,82,147,17419,62.39,66.99,27.94,27.13,5.83,18.67,9.85,8585,79.16
ORD,07/2013,27438,27370,462,541,80,59,20603,69.51,75.28,18.94,16.42,3.69,17.97,9.78,6767,61.7
ORD,08/2013,27194,27119,450,516,64,79,21523,74.95,79.37,15.69,14.18,4.14,16.63,9.65,5596,63.61
ORD,09/2013,24702,24694,477,542,56,49,21221,82.99,85.94,11.3,11.23,3.2,16.42,9.24,3473,74.19
ORD,10/2013,26248,26208,226,293,49,38,21698,80.51,82.79,10.89,10.58,3.47,16.53,9.77,4510,54.58
ORD,11/2013,23657,23556,379,441,27,36,19511,81.22,82.83,11.42,11.87,4.05,15.9,10.85,4045,62.42
ORD,12/2013,21961,21843,1089,1211,70,32,14397,60.57,65.91,25.13,22.9,7.26,19.34,14,7446,62.88
Sub-Total for ORD,,901593,899663,26971,29307,2242,1964,709552,76.04,78.87,15.55,15.5,3.95,17.15,9.37,190111,68.61
PHL,01/2011,6557,6547,499,469,8,48,5042,77.69,77.01,15.14,15.13,4.31,24.26,7.18,1505,61.16
PHL,02/2011,6163,6175,277,270,19,14,4993,82.85,80.86,11.39,12.24,4.09,20.12,6.24,1182,58.35
PHL,03/2011,7460,7461,60,58,10,12,6170,84.66,82.7,10.08,10.59,3.36,20.05,6.87,1291,55.34
PHL,04/2011,6977,6982,114,117,21,16,5162,78.86,73.93,13.8,16.6,4.46,22.06,6.81,1820,59.24
PHL,05/2011,7170,7181,107,113,30,10,5271,78.1,73.4,14.42,15.76,5.11,23.82,7.11,1910,54.19
PHL,06/2011,7241,7247,108,112,25,15,5506,78.14,75.98,15.19,15.39,4.56,22.8,6.6,1741,59.02
PHL,07/2011,7457,7436,115,130,23,32,5785,79.4,77.8,14.5,14.27,5.08,23.16,6.79,1651,59.06
PHL,08/2011,7077,7052,457,441,14,55,5272,74.99,74.76,18.39,17.09,5.85,25.04,7.28,1780,63.25
PHL,09/2011,6903,6888,95,93,13,24,5109,80.57,74.17,12.69,15.45,5.69,23.7,7.52,1779,54.94
PHL,10/2011,7108,7108,56,58,11,7,5742,84.12,80.78,11.1,12.76,3.72,19.66,6.6,1366,60.91
PHL,11/2011,6770,6754,64,63,18,31,5619,85.42,83.2,10.39,10.69,3.46,18.73,6.41,1135,57.43
PHL,12/2011,7173,7172,36,47,14,11,6017,85.96,83.9,9.12,10.37,3.16,18.22,5.97,1155,59.06
PHL,01/2012,6583,6565,75,92,11,4,5512,87.29,83.96,8.19,9.9,3.08,19.25,6.15,1053,55.76
PHL,02/2012,6080,6084,25,27,5,2,5403,90.63,88.81,6.24,7.17,2.06,19.62,6.02,681,57.54
PHL,03/2012,6602,6621,27,29,12,2,5367,85.64,81.06,8,10.07,3.67,19.67,6.35,1254,46.63
PHL,04/2012,6474,6479,28,30,16,5,5609,88.72,86.57,6.87,7.62,2.74,19.03,6.14,870,49.39
PHL,05/2012,6649,6663,48,46,17,3,5229,83,78.48,10.98,12.29,4.41,22.22,7.21,1434,51.38
PHL,06/2012,6552,6566,47,53,20,10,5375,84.55,81.86,10.66,10.99,3.71,22.25,7.16,1191,54.07
PHL,07/2012,6792,6792,82,83,21,17,5189,81.45,76.4,13.54,15.45,4.41,22.96,6.84,1603,60.64
PHL,08/2012,6781,6786,60,56,16,10,5394,82.91,79.49,12.08,12.73,3.48,24.23,7.12,1392,56.6
PHL,09/2012,6162,6147,44,48,8,21,5311,89.16,86.4,7.79,8.75,3.49,19.92,6.41,836,58.42
PHL,10/2012,6052,6048,506,512,12,4,5049,87.33,83.48,8.32,9.81,2.61,20.51,6.79,999,52.89
PHL,11/2012,6326,6329,43,50,10,4,5328,88.57,84.18,7.08,8.77,3.34,18.69,6.31,1001,47.25
PHL,12/2012,6264,6271,56,57,20,3,4870,82.31,77.66,12.45,15.56,3.58,20.11,6.69,1401,64.63
PHL,01/2013,6615,6643,77,76,29,4,5398,86.3,81.26,9.85,12.38,3.41,19.63,5.83,1245,60.95
PHL,02/2013,6139,6139,120,116,7,10,4875,84.93,79.41,10.1,12.49,3.8,20.42,6.19,1264,55.38
PHL,03/2013,7087,7080,111,126,20,10,5511,82.32,77.84,11.91,13.89,4.01,19.4,5.93,1569,57.65
PHL,04/2013,6735,6729,86,88,14,14,5378,84.04,79.92,11.98,12.13,4.05,21,6.42,1351,55.12
PHL,05/2013,6779,6789,64,62,19,11,4958,80.78,73.03,12.75,15.75,6,21.98,6.34,1831,52.96
PHL,06/2013,6762,6743,137,135,20,39,4484,72.86,66.5,21.95,24.22,6.97,24.09,6.99,2259,68.79
PHL,07/2013,7023,7011,120,130,28,30,4756,75.27,67.84,17.88,19.28,6.77,24.6,7.12,2255,55.48
PHL,08/2013,7047,7038,54,56,11,16,5311,79.95,75.46,12.87,14.74,4.9,23.66,6.7,1727,54.52
PHL,09/2013,6407,6411,43,53,10,3,5429,87.2,84.68,8.55,9.17,3.76,20.71,6.25,982,51.54
PHL,10/2013,6679,6670,26,30,11,5,5546,86.9,83.15,8.73,9.79,3.68,20.38,6.51,1124,51.49
PHL,11/2013,6275,6288,47,49,12,1,5251,85.05,83.51,9.16,9.32,2.67,20.09,6.08,1037,50.46
PHL,12/2013,6170,6151,198,195,14,28,4614,76.99,75.01,15.29,15.6,4.22,21.54,6.03,1537,57.68
Sub-Total for PHL,,241091,241046,4112,4170,569,531,190835,82.8,79.17,11.74,12.98,4.13,21.36,6.59,50211,56.88
PHX,01/2011,15295,15289,158,198,40,12,12877,82.05,84.22,9.22,8.53,2.59,14.08,7.01,2412,45.56
PHX,02/2011,13946,13919,207,246,35,19,11020,79.87,79.17,10.68,11.21,4.25,14.08,6.68,2899,47.06
PHX,03/2011,16636,16625,84,126,37,9,13906,82.11,83.65,9.75,9.03,2.91,13.91,7.03,2719,46.66
PHX,04/2011,15893,15834,170,226,39,15,13029,80.9,82.28,10.97,9.91,3.36,13.27,7.11,2805,47.75
PHX,05/2011,16170,16119,144,176,30,13,13724,82.05,85.14,10.25,8.87,2.38,13.28,7.24,2395,51.27
PHX,06/2011,15842,15819,160,218,43,5,13424,80.88,84.86,11.33,9.23,2.37,13.54,7.16,2395,52.08
PHX,07/2011,16252,16178,171,215,34,62,13980,81.98,86.41,11.17,8.78,2.42,14.22,7.45,2198,56.71
PHX,08/2011,15911,15890,167,200,37,23,14068,83.73,88.53,9.83,7.46,1.88,13.73,7.25,1822,55.79
PHX,09/2011,14726,14686,69,120,18,11,13319,87.21,90.69,7.29,5.96,1.57,14.39,6.72,1367,53.62
PHX,10/2011,15351,15306,92,150,19,8,13827,87.66,90.34,6.95,5.56,1.91,14.17,6.86,1479,46.96
PHX,11/2011,14809,14799,73,99,21,4,13157,87.94,88.9,6.67,6.08,2.35,14.63,6.9,1642,44.42
PHX,12/2011,15538,15523,74,111,24,6,13515,86.11,87.06,7.37,7.08,2.75,15.1,6.73,2008,44.56
PHX,01/2012,15264,15213,87,145,22,12,11686,80.29,76.82,10.26,11.4,4.41,14.86,7.73,3527,43.45
PHX,02/2012,14528,14527,66,80,16,7,13033,89.94,89.72,5.49,5.23,2.76,13.97,7.25,1494,38.96
PHX,03/2012,16525,16499,47,86,26,8,14816,87.62,89.8,6.91,5.83,2.22,15.1,7.63,1683,45.7
PHX,04/2012,15439,15413,78,108,14,5,13972,88.23,90.65,6.84,5.28,2.28,14.57,7.55,1441,43.95
PHX,05/2012,15648,15598,74,108,31,47,14049,87.56,90.07,7.74,5.82,2.67,14.66,7.86,1549,47.62
PHX,06/2012,15570,15559,92,129,36,14,13694,84.32,88.01,9.16,7.08,2.14,14.31,7.77,1865,48.82
PHX,07/2012,15968,15897,64,106,40,67,13484,82.01,84.82,10.59,9.01,3.06,15.37,7.83,2413,51.22
PHX,08/2012,15256,15266,69,86,36,9,13252,83.61,86.81,9.37,7.83,2.3,14.72,7.7,2014,49.72
PHX,09/2012,13883,13868,51,74,22,11,12462,88.66,89.86,6.29,6.06,1.95,14.67,7.09,1406,49.14
PHX,10/2012,14730,14730,142,162,24,9,12870,87.07,87.37,7.09,6.86,2.53,14.78,7.25,1860,43.86
PHX,11/2012,14262,14249,81,113,26,8,13059,88.56,91.65,6.6,5.22,1.55,14.74,7.22,1190,51.38
PHX,12/2012,14708,14701,96,145,35,6,11958,80.59,81.34,9.8,9.7,3.08,14.71,6.97,2743,44.63
PHX,01/2013,14626,14597,48,83,15,5,12729,86.48,87.2,7.28,7.42,2.75,14.99,6.95,1868,48.83
PHX,02/2013,13298,13272,103,144,18,8,11805,88.38,88.95,6.08,5.91,2.52,14.66,6.92,1467,42.79
PHX,03/2013,15964,15946,88,127,23,6,13948,85.08,87.47,8.18,7.34,2.24,15.1,7.15,1998,49.16
PHX,04/2013,14823,14792,72,117,30,8,12590,83.03,85.11,9.31,8.29,2.93,14.61,7.25,2202,46.94
PHX,05/2013,15079,15070,53,90,34,7,13183,84.71,87.48,8.56,7.22,2.26,14.65,7.4,1887,47.99
PHX,06/2013,15033,15011,143,208,75,23,12241,78.7,81.55,12.82,11.25,2.9,14.13,7.46,2770,52.83
PHX,07/2013,15291,15267,111,160,36,11,12729,81.05,83.38,10.48,9.88,2.81,15.1,7.5,2538,50.77
PHX,08/2013,14841,14795,87,113,16,36,12214,80.1,82.55,11.02,9.73,3.11,15.25,7.14,2581,47.03
PHX,09/2013,13632,13581,50,95,17,19,11655,83.31,85.82,8.85,8.18,2.23,15.1,6.49,1926,49.02
PHX,10/2013,14588,14573,45,73,16,7,12309,82.65,84.46,8.58,7.79,2.94,15,6.69,2264,40.02
PHX,11/2013,13989,13977,78,122,16,6,12114,83.98,86.67,8.23,7.13,2.4,14.99,6.82,1863,44.25
PHX,12/2013,14532,14507,128,167,29,7,10812,72.67,74.53,13.8,13.42,3.86,14.39,6.85,3695,47.05
Sub-Total for PHX,,543846,542895,3522,4926,1030,533,466510,83.89,85.93,8.94,7.97,2.63,14.51,7.19,76385,47.71
SEA,01/2011,7509,7492,58,66,18,25,5809,85.72,77.54,8.08,11.53,5.53,15.1,5.78,1683,44.26
SEA,02/2011,6722,6718,81,85,9,8,5221,84.94,77.72,8.74,11.71,4.88,15.3,5.7,1497,45.72
SEA,03/2011,7794,7798,52,50,13,12,6226,85.42,79.84,9.05,11.77,3.76,14.58,5.54,1572,51.2
SEA,04/2011,7672,7678,36,36,13,5,6143,86.9,80.01,7.6,10.85,4.41,14.47,5.61,1535,47.48
SEA,05/2011,8472,8481,45,34,20,22,7297,89.02,86.04,6.49,8.45,2.51,14.58,5.86,1184,52.6
SEA,06/2011,9279,9288,36,35,22,11,7865,88.24,84.68,7.16,8.98,2.74,15.05,6.08,1423,50.38
SEA,07/2011,9762,9780,48,40,18,5,8521,88.74,87.13,6.99,8.44,1.61,15.22,6.53,1259,57.94
SEA,08/2011,9653,9664,68,70,14,4,8554,89.3,88.51,6.82,7.26,1.65,14.93,6.35,1110,54.36
SEA,09/2011,8515,8533,20,20,24,5,7777,92.75,91.14,4.6,5.13,1.8,14.49,6.05,756,47.28
SEA,10/2011,8300,8306,20,23,17,6,7258,91.52,87.38,5.24,6.73,3.35,14.68,5.94,1048,43.68
SEA,11/2011,7720,7712,22,26,10,16,6583,88.24,85.36,7.27,7.81,3.35,15.24,5.69,1129,44.29
SEA,12/2011,8026,8039,23,24,25,8,6926,89.23,86.15,6.4,7.47,2.68,15.9,5.86,1113,44.82
SEA,01/2012,7165,7162,293,283,16,27,5943,85.81,82.98,10.83,10.54,3.88,17.2,6.04,1219,55.17
SEA,02/2012,6973,6982,19,22,19,4,6117,90.65,87.61,5.21,6.37,3.05,14.43,5.63,865,41.77
SEA,03/2012,7936,7932,25,32,17,8,6691,87.11,84.35,8.07,9.15,2.7,15.07,5.71,1241,50.74
SEA,04/2012,7911,7920,23,23,18,12,7074,91.16,89.32,5.82,6.17,2.32,13.67,5.57,846,47.66
SEA,05/2012,8588,8597,19,21,19,6,7568,91.13,88.03,5.44,6.64,2.29,14.49,6.3,1029,46.38
SEA,06/2012,9438,9453,41,40,23,8,7906,86.14,83.63,8.49,9.57,3.13,15.28,6.77,1547,49.86
SEA,07/2012,9886,9914,41,39,30,6,8431,84.75,85.04,10.05,9.63,1.67,15.24,6.92,1483,58.12
SEA,08/2012,9657,9674,27,23,20,6,8295,86.22,85.75,8.23,8.81,1.91,14.46,6.8,1379,54.37
SEA,09/2012,8458,8476,22,26,21,7,7454,89.16,87.94,6.37,7.2,1.92,14.46,6.66,1022,51.73
SEA,10/2012,7993,7999,90,91,17,8,6687,86.68,83.6,9.21,10.01,3.48,14.55,6.33,1312,52.68
SEA,11/2012,7488,7490,22,31,24,13,6584,88.29,87.9,7.62,7.14,2.23,15.16,6.15,906,50.36
SEA,12/2012,7778,7780,36,40,12,12,6345,83.77,81.56,9.66,10.39,3.55,16.11,6.27,1435,47.76
SEA,01/2013,7185,7157,44,50,16,30,6089,88.85,85.08,6.94,8.24,4.18,16.29,6.38,1068,46.83
SEA,02/2013,6613,6607,37,39,4,8,5793,91.15,87.68,5.83,6.91,2.88,15.03,5.87,814,47.14
SEA,03/2013,7956,7946,33,40,11,8,6646,86.9,83.64,7.7,8.8,3.7,14.51,6.08,1300,45.65
SEA,04/2013,7962,7960,37,42,8,10,6533,85.72,82.07,8.79,9.9,4.44,14.75,5.99,1427,45.78
SEA,05/2013,8819,8824,20,15,19,12,7710,88.4,87.38,7.12,7.35,2.68,14.67,6.37,1114,48.77
SEA,06/2013,9740,9759,44,44,25,9,7978,81.82,81.75,11.66,11.58,3.34,15.14,6.97,1781,55.23
SEA,07/2013,10388,10417,43,46,33,5,8441,83.16,81.03,10.4,11.33,3.07,15.99,7.4,1976,52.05
SEA,08/2013,10224,10252,25,24,24,7,8587,85.31,83.76,9.15,9.42,3.21,15.65,7.14,1665,49.01
SEA,09/2013,8918,8927,26,26,19,11,7630,87.09,85.47,7.73,8.6,3.39,16.03,6.82,1297,50.28
SEA,10/2013,8437,8417,26,24,11,35,7432,89.89,88.3,6.51,6.58,3.67,16,6.54,985,45.4
SEA,11/2013,7940,7923,33,36,16,25,6906,87.81,87.16,7.16,7.12,3.25,15.83,6.18,1017,46.12
SEA,12/2013,8276,8272,55,55,15,24,6244,78.25,75.48,11.98,13.12,4.92,16.61,6.59,2028,46.67
Sub-Total for SEA,,301153,301329,1590,1621,640,428,255264,87.29,84.71,7.84,8.81,3.09,15.17,6.28,46065,49.4
SFO,01/2011,11084,11064,376,389,27,33,8253,79.21,74.59,14.16,17.26,3.61,15.15,6.39,2811,64.41
SFO,02/2011,10143,10093,297,318,17,43,7454,79.68,73.85,14.29,17.98,5.24,16.31,6.35,2639,64.92
SFO,03/2011,11620,11625,305,313,33,30,7533,73.28,64.8,18.69,24.85,6.74,17.16,6.24,4092,67.09
SFO,04/2011,11318,11297,133,144,16,29,8413,81.22,74.47,11.2,14.33,5.01,16.63,5.97,2884,50.64
SFO,05/2011,11670,11663,175,186,34,24,8626,78.89,73.96,12.84,16.56,3.97,17.35,6.43,3037,59.21
SFO,06/2011,12151,12136,209,226,28,19,8343,74.44,68.75,16.98,21.1,4.87,17.09,6.64,3793,63.4
SFO,07/2011,12593,12577,333,349,30,27,8508,72.1,67.65,20.09,24.98,3.78,17.08,6.46,4069,74.07
SFO,08/2011,12856,12854,296,312,33,24,8947,73.85,69.6,17.15,20.56,3.59,16.93,6.39,3907,63.72
SFO,09/2011,12366,12383,125,144,40,4,9841,81.32,79.47,11.38,12.67,2.68,17.78,7.29,2542,56.66
SFO,10/2011,12708,12686,178,195,19,24,9494,80.86,74.84,11.65,15.24,4.5,17.2,6.81,3192,55.37
SFO,11/2011,11866,11827,215,221,25,51,8592,77.56,72.65,14.98,17.98,4.89,16.99,7.11,3235,61.4
SFO,12/2011,12176,12177,217,222,22,13,10007,82.29,82.18,11.88,12.32,2.18,16.09,7.44,2170,64.52
SFO,01/2012,12977,12981,418,431,27,25,9802,79.76,75.51,14.57,19.94,4.11,15.67,6.92,3179,77.97
SFO,02/2012,12496,12469,158,177,15,17,10179,83.75,81.63,9.56,11.2,2.83,16,6.86,2290,55.52
SFO,03/2012,13478,13467,555,569,29,31,9491,72.67,70.48,19.27,23.88,3.66,17.44,7.59,3976,77.3
SFO,04/2012,13659,13624,263,286,22,42,10632,79.35,78.04,13.15,14.78,3.38,17.89,7.91,2992,62.27
SFO,05/2012,14254,14251,161,178,27,19,10966,79.11,76.95,13.6,15.45,3.65,18.17,8.29,3285,62.7
SFO,06/2012,14515,14529,365,384,44,24,10184,71.99,70.09,20.01,24.03,3.8,18.79,7.94,4345,76.47
SFO,07/2012,15290,15302,363,394,62,15,10425,69.84,68.13,21.63,24.91,2.81,18.21,7.4,4877,75.05
SFO,08/2012,15419,15418,260,279,32,19,10690,72,69.33,18.56,21.73,3,18.48,7.68,4728,67.14
SFO,09/2012,13943,13939,206,230,38,15,9446,74.19,67.77,16.56,20.74,3.62,17.34,7.18,4493,60.93
SFO,10/2012,14282,14259,452,472,30,25,9383,71.42,65.8,19.22,22.84,5.4,18.13,7.46,4876,62.68
SFO,11/2012,13218,13184,403,415,27,46,9825,78.07,74.52,16.02,20.41,3.68,17.04,7.26,3359,76.2
SFO,12/2012,13370,13346,410,417,30,60,8832,70.96,66.18,20.31,25.42,5.51,17.2,7.02,4514,71.52
SFO,01/2013,13015,12998,169,186,34,30,10862,86.04,83.57,8.3,9.38,2.62,15.14,6.53,2136,51.02
SFO,02/2013,11832,11835,175,179,19,12,9797,85.07,82.78,9.26,10.56,2.24,15.06,6.35,2038,56
SFO,03/2013,13628,13594,213,239,30,38,10605,80.86,78.01,12.81,14.96,3.43,15.74,6.33,2989,63.64
SFO,04/2013,13512,13502,172,195,19,18,9823,77.4,72.75,14.34,17.74,3.57,17.21,6.34,3679,60.88
SFO,05/2013,14132,14094,153,182,28,24,10776,79.66,76.46,13.57,16.79,3.11,17.87,6.88,3318,67.25
SFO,06/2013,14253,14223,477,503,38,42,9283,71.91,65.27,21.06,28.36,4.85,18.15,6.96,4940,78.4
SFO,07/2013,14380,14403,946,862,80,136,8715,68.66,60.51,24.02,33.51,4.76,16.71,6.64,5688,82.21
SFO,08/2013,15142,15102,288,322,34,54,9691,69.83,64.17,19.91,24.98,4.73,16.88,6.8,5411,66.35
SFO,09/2013,13696,13688,177,193,35,22,10200,78.72,74.52,14.29,18.52,3.71,17.25,7.15,3488,68.37
SFO,10/2013,14075,14067,184,215,44,13,11223,82.4,79.78,11.55,14.02,2.75,16.39,7.16,2844,63.89
SFO,11/2013,13100,13052,157,182,33,55,10758,83.72,82.42,10.43,11.08,3.04,16.02,7.24,2294,57.23
SFO,12/2013,13556,13532,207,245,37,32,10394,78.59,76.81,12.62,13.52,3.41,15.8,7.39,3138,53.09
